project,SA,description,NAME,quantity,VARL,EMUNT,VARW,EMUNT,VARX,EMUNT,VARY,EMUNT,VAR1,EMUNT,VAR2,EMUNT,VAR3,EMUNT,VAR4,EMUNT
talebi,2,‰„« “Ì—,"0,",1,VARL,1840,VARW,348,VARX,,VARY,,VAR1,0,VAR2,0,VAR3,0,VAR4,0
talebi,3,‰„« “Ì—,"0,",1,VARL,2140,VARW,348,VARX,,VARY,,VAR1,0,VAR2,0,VAR3,0,VAR4,0
talebi,6,16„Ì· Å‘  ÂÊ«ÌÌ,"16mmW,",1,VARL,488,VARW,918,VARX,,VARY,,VAR1,0,VAR2,0,VAR3,0,VAR4,0
talebi,6,»œ‰Â  —«”  ÌŒç«·,"BYR,",1,VARL,516,VARW,698,VARX,,VARY,,VAR1,0,VAR2,0,VAR3,0,VAR4,0
talebi,6,»œ‰Â çÅ ÌŒç«·,"BYL,",1,VARL,516,VARW,698,VARX,,VARY,,VAR1,0,VAR2,0,VAR3,0,VAR4,0
talebi,6, «ﬁ »«·« ÌŒç«·,"TY,0",1,VARL,918,VARW,498,VARX,,VARY,,VAR1,0,VAR2,0,VAR3,0,VAR4,0
talebi,6,œ— ÂÊ«ÌÌ œÊ œ—,"DAR-W2,Q2H",2,VARL,514,VARW,469,VARX,,VARY,,VAR1,0,VAR2,0,VAR3,0,VAR4,0
talebi,6,ò› »«·« ÌŒç«·,"KY,0",1,VARL,918,VARW,498,VARX,,VARY,,VAR1,0,VAR2,0,VAR3,0,VAR4,0
talebi,7,16„Ì· Å‘  “„Ì‰Ì,"16mmZ,",1,VARL,702,VARW,418,VARX,,VARY,,VAR1,0,VAR2,0,VAR3,0,VAR4,0
talebi,7,»œ‰Â çÅ-L-H,"BZL-LF,E1M",1,VARL,702,VARW,568,VARX,,VARY,,VAR1,0,VAR2,0,VAR3,0,VAR4,0
talebi,7,»œ‰Â —«”  “„Ì‰Ì-L,"BZR-LF,E1M",1,VARL,702,VARW,568,VARX,,VARY,,VAR1,0,VAR2,0,VAR3,0,VAR4,0
talebi,7,œ— “„Ì‰Ì,"DAR-Z,Q2H",1,VARL,676,VARW,444,VARX,,VARY,,VAR1,0,VAR2,0,VAR3,0,VAR4,0
talebi,7,œ” êÌ—Â L,"0,",1,VARL,450,VARW,85,VARX,,VARY,,VAR1,0,VAR2,0,VAR3,0,VAR4,0
talebi,7,ÿ»ﬁÂ,"T,M",1,VARL,414,VARW,516,VARX,,VARY,,VAR1,0,VAR2,0,VAR3,0,VAR4,0
talebi,7,ﬁÌœ “„Ì‰Ì,"QZ,",2,VARL,418,VARW,68,VARX,,VARY,,VAR1,0,VAR2,0,VAR3,0,VAR4,0
talebi,7,ò› “„Ì‰Ì,"KZ,P4",1,VARL,450,VARW,568,VARX,,VARY,,VAR1,0,VAR2,0,VAR3,0,VAR4,0
talebi,8,16„Ì· Å‘  “„Ì‰Ì,"16mmZ,",1,VARL,702,VARW,368,VARX,,VARY,,VAR1,0,VAR2,0,VAR3,0,VAR4,0
talebi,8,»œ‰Â çÅ-L-H,"BZL-LF,E1M",1,VARL,702,VARW,198,VARX,,VARY,,VAR1,0,VAR2,0,VAR3,0,VAR4,0
talebi,8,»œ‰Â —«”  “„Ì‰Ì-L,"BZR-LF,E1M",1,VARL,702,VARW,198,VARX,,VARY,,VAR1,0,VAR2,0,VAR3,0,VAR4,0
talebi,8,œ— “„Ì‰Ì,"DAR-Z,Q2H",1,VARL,676,VARW,394,VARX,,VARY,,VAR1,0,VAR2,0,VAR3,0,VAR4,0
talebi,8,œ” êÌ—Â L,"0,",1,VARL,400,VARW,85,VARX,,VARY,,VAR1,0,VAR2,0,VAR3,0,VAR4,0
talebi,8,ÿ»ﬁÂ,"T,M",1,VARL,364,VARW,146,VARX,,VARY,,VAR1,0,VAR2,0,VAR3,0,VAR4,0
talebi,8,ﬁÌœ “„Ì‰Ì,"QZ,",2,VARL,368,VARW,68,VARX,,VARY,,VAR1,0,VAR2,0,VAR3,0,VAR4,0
talebi,8,ò› “„Ì‰Ì,"KZ,P4",1,VARL,400,VARW,198,VARX,,VARY,,VAR1,0,VAR2,0,VAR3,0,VAR4,0
talebi,9,16„Ì· Å‘  “„Ì‰Ì,"16mmZ,",1,VARL,702,VARW,768,VARX,,VARY,,VAR1,0,VAR2,0,VAR3,0,VAR4,0
talebi,9,»œ‰Â çÅ-L-H,"BZL-LF,E1M",1,VARL,702,VARW,198,VARX,,VARY,,VAR1,0,VAR2,0,VAR3,0,VAR4,0
talebi,9,»œ‰Â —«” -L-H,"BZR-LF,E1M",1,VARL,702,VARW,198,VARX,,VARY,,VAR1,0,VAR2,0,VAR3,0,VAR4,0
talebi,9,œ— “„Ì‰Ì œÊ œ—,"DZ2,Q2H",2,VARL,676,VARW,394,VARX,,VARY,,VAR1,0,VAR2,0,VAR3,0,VAR4,0
talebi,9,œ” êÌ—Â L,"0,",1,VARL,800,VARW,85,VARX,,VARY,,VAR1,0,VAR2,0,VAR3,0,VAR4,0
talebi,9,ÿ»ﬁÂ,"T,M",1,VARL,764,VARW,146,VARX,,VARY,,VAR1,0,VAR2,0,VAR3,0,VAR4,0
talebi,9,ﬁÌœ “„Ì‰Ì,"QZ,",2,VARL,768,VARW,68,VARX,,VARY,,VAR1,0,VAR2,0,VAR3,0,VAR4,0
talebi,9,ò› “„Ì‰Ì,"KZ,P4",1,VARL,800,VARW,198,VARX,,VARY,,VAR1,0,VAR2,0,VAR3,0,VAR4,0
talebi,10,16„Ì· Å‘  “„Ì‰Ì,"16mmZ,",1,VARL,544,VARW,368,VARX,,VARY,,VAR1,0,VAR2,0,VAR3,0,VAR4,0
talebi,10,»œ‰Â çÅ,"BL,E1M",1,VARL,544,VARW,198,VARX,,VARY,,VAR1,0,VAR2,0,VAR3,0,VAR4,0
talebi,10,»œ‰Â —«”  “„Ì‰Ì-H,"BR-H,E1M",1,VARL,544,VARW,198,VARX,,VARY,,VAR1,0,VAR2,0,VAR3,0,VAR4,0
talebi,10,œ— “„Ì‰Ì,"DAR-Z,Q2H",1,VARL,555,VARW,394,VARX,,VARY,,VAR1,0,VAR2,0,VAR3,0,VAR4,0
talebi,10,ÿ»ﬁÂ,"T,M",1,VARL,364,VARW,146,VARX,,VARY,,VAR1,0,VAR2,0,VAR3,0,VAR4,0
talebi,10,ﬁÌœ “„Ì‰Ì,"QZ,",2,VARL,368,VARW,68,VARX,,VARY,,VAR1,0,VAR2,0,VAR3,0,VAR4,0
talebi,10,ò› “„Ì‰Ì,"KZ,P4",1,VARL,400,VARW,198,VARX,,VARY,,VAR1,0,VAR2,0,VAR3,0,VAR4,0
talebi,11,16„Ì· Å‘  “„Ì‰Ì,"16mmZ,",1,VARL,702,VARW,368,VARX,,VARY,,VAR1,0,VAR2,0,VAR3,0,VAR4,0
talebi,11,»œ‰Â çÅ “„Ì‰Ì-L,"BZL-LF,E1M",1,VARL,702,VARW,508,VARX,,VARY,,VAR1,0,VAR2,0,VAR3,0,VAR4,0
talebi,11,»œ‰Â —«” -L-H,"BZR-LF,E1M",1,VARL,702,VARW,508,VARX,,VARY,,VAR1,0,VAR2,0,VAR3,0,VAR4,0
talebi,11,œ— “„Ì‰Ì,"DAR-Z,Q2H",1,VARL,676,VARW,394,VARX,,VARY,,VAR1,0,VAR2,0,VAR3,0,VAR4,0
talebi,11,œ” êÌ—Â L,"0,",1,VARL,400,VARW,85,VARX,,VARY,,VAR1,0,VAR2,0,VAR3,0,VAR4,0
talebi,11,ÿ»ﬁÂ,"T,M",1,VARL,364,VARW,456,VARX,,VARY,,VAR1,0,VAR2,0,VAR3,0,VAR4,0
talebi,11,ﬁÌœ “„Ì‰Ì,"QZ,",2,VARL,368,VARW,68,VARX,,VARY,,VAR1,0,VAR2,0,VAR3,0,VAR4,0
talebi,11,ò› “„Ì‰Ì,"KZ,P4",1,VARL,400,VARW,508,VARX,,VARY,,VAR1,0,VAR2,0,VAR3,0,VAR4,0
talebi,12,16„Ì· Å‘  “„Ì‰Ì,"16mmZ,",1,VARL,702,VARW,768,VARX,,VARY,,VAR1,0,VAR2,0,VAR3,0,VAR4,0
talebi,12,»œ‰Â çÅ-L-H,"BZL-LF,E1M",1,VARL,702,VARW,508,VARX,,VARY,,VAR1,0,VAR2,0,VAR3,0,VAR4,0
talebi,12,»œ‰Â —«” -L-H,"BZR-LF,E1M",1,VARL,702,VARW,508,VARX,,VARY,,VAR1,0,VAR2,0,VAR3,0,VAR4,0
talebi,12,œ— “„Ì‰Ì œÊ œ—,"DZ2,Q2H",2,VARL,676,VARW,394,VARX,,VARY,,VAR1,0,VAR2,0,VAR3,0,VAR4,0
talebi,12,œ” êÌ—Â L,"0,",1,VARL,800,VARW,85,VARX,,VARY,,VAR1,0,VAR2,0,VAR3,0,VAR4,0
talebi,12,ÿ»ﬁÂ,"T,M",1,VARL,764,VARW,456,VARX,,VARY,,VAR1,0,VAR2,0,VAR3,0,VAR4,0
talebi,12,ﬁÌœ “„Ì‰Ì,"QZ,",2,VARL,768,VARW,68,VARX,,VARY,,VAR1,0,VAR2,0,VAR3,0,VAR4,0
talebi,12,ò› “„Ì‰Ì,"KZ,P4",1,VARL,800,VARW,508,VARX,,VARY,,VAR1,0,VAR2,0,VAR3,0,VAR4,0
talebi,13,16„Ì· Å‘  “„Ì‰Ì,"16mmZ,",1,VARL,544,VARW,368,VARX,,VARY,,VAR1,0,VAR2,0,VAR3,0,VAR4,0
talebi,13,»œ‰Â çÅ “„Ì‰Ì-H,"BL-H,E1M",1,VARL,544,VARW,508,VARX,,VARY,,VAR1,0,VAR2,0,VAR3,0,VAR4,0
talebi,13,»œ‰Â —«” ,"BR,E1M",1,VARL,544,VARW,508,VARX,,VARY,,VAR1,0,VAR2,0,VAR3,0,VAR4,0
talebi,13,œ— “„Ì‰Ì,"DAR-Z,Q2H",1,VARL,555,VARW,394,VARX,,VARY,,VAR1,0,VAR2,0,VAR3,0,VAR4,0
talebi,13,ÿ»ﬁÂ,"T,M",1,VARL,364,VARW,456,VARX,,VARY,,VAR1,0,VAR2,0,VAR3,0,VAR4,0
talebi,13,ﬁÌœ “„Ì‰Ì,"QZ,",2,VARL,368,VARW,68,VARX,,VARY,,VAR1,0,VAR2,0,VAR3,0,VAR4,0
talebi,13,ò› “„Ì‰Ì,"KZ,P4",1,VARL,400,VARW,508,VARX,,VARY,,VAR1,0,VAR2,0,VAR3,0,VAR4,0
talebi,15,16„Ì· Å‘  ÂÊ«ÌÌ,"16mmW,",1,VARL,828,VARW,428,VARX,,VARY,,VAR1,0,VAR2,0,VAR3,0,VAR4,0
talebi,15,»œ‰Â çÅ ÂÊ«ÌÌ-H,"BWL-H,E1M",1,VARL,856,VARW,348,VARX,,VARY,,VAR1,0,VAR2,0,VAR3,0,VAR4,0
talebi,15,»œ‰Â —«”  ÂÊ«ÌÌ,"BWR,E1M",1,VARL,856,VARW,348,VARX,,VARY,,VAR1,0,VAR2,0,VAR3,0,VAR4,0
talebi,15, «ﬁ ÂÊ«ÌÌ,"TW,",1,VARL,428,VARW,348,VARX,,VARY,,VAR1,0,VAR2,0,VAR3,0,VAR4,0
talebi,15,œ— ÂÊ«ÌÌ,"DAR-W,Q2H",1,VARL,886,VARW,454,VARX,,VARY,,VAR1,0,VAR2,0,VAR3,0,VAR4,0
talebi,15,ÿ»ﬁÂ,"T,M",1,VARL,424,VARW,296,VARX,,VARY,,VAR1,0,VAR2,0,VAR3,0,VAR4,0
talebi,15,ò› ÂÊ«ÌÌ,"KW,",1,VARL,428,VARW,348,VARX,,VARY,,VAR1,0,VAR2,0,VAR3,0,VAR4,0
talebi,16,16„Ì· Å‘  ÂÊ«ÌÌ,"16mmW,",1,VARL,828,VARW,888,VARX,,VARY,,VAR1,0,VAR2,0,VAR3,0,VAR4,0
talebi,16,»œ‰Â çÅ ÂÊ«ÌÌ-H,"BWL-H,E1M",1,VARL,856,VARW,348,VARX,,VARY,,VAR1,0,VAR2,0,VAR3,0,VAR4,0
talebi,16,»œ‰Â —«”  ÂÊ«ÌÌ-H,"BWR-H,E1M",1,VARL,856,VARW,348,VARX,,VARY,,VAR1,0,VAR2,0,VAR3,0,VAR4,0
talebi,16, «ﬁ ÂÊ«ÌÌ,"TW,",1,VARL,888,VARW,348,VARX,,VARY,,VAR1,0,VAR2,0,VAR3,0,VAR4,0
talebi,16,œ— ÂÊ«ÌÌ œÊ œ—,"DAR-W2,Q2H",2,VARL,886,VARW,454,VARX,,VARY,,VAR1,0,VAR2,0,VAR3,0,VAR4,0
talebi,16,ÿ»ﬁÂ,"T,S",1,VARL,884,VARW,296,VARX,,VARY,,VAR1,0,VAR2,0,VAR3,0,VAR4,0
talebi,16,ò› ÂÊ«ÌÌ,"KW,",1,VARL,888,VARW,348,VARX,,VARY,,VAR1,0,VAR2,0,VAR3,0,VAR4,0
talebi,17,16„Ì· Å‘  ÂÊ«ÌÌ,"16mmW,",1,VARL,828,VARW,428,VARX,,VARY,,VAR1,0,VAR2,0,VAR3,0,VAR4,0
talebi,17,»œ‰Â çÅ ÂÊ«ÌÌ,"BWL,E1M",1,VARL,856,VARW,348,VARX,,VARY,,VAR1,0,VAR2,0,VAR3,0,VAR4,0
talebi,17,»œ‰Â —«”  ÂÊ«ÌÌ-H,"BWR-H,E1M",1,VARL,856,VARW,348,VARX,,VARY,,VAR1,0,VAR2,0,VAR3,0,VAR4,0
talebi,17, «ﬁ ÂÊ«ÌÌ,"TW,",1,VARL,428,VARW,348,VARX,,VARY,,VAR1,0,VAR2,0,VAR3,0,VAR4,0
talebi,17,œ— ÂÊ«ÌÌ,"DAR-W,Q2H",1,VARL,886,VARW,454,VARX,,VARY,,VAR1,0,VAR2,0,VAR3,0,VAR4,0
talebi,17,ÿ»ﬁÂ,"T,M",1,VARL,424,VARW,296,VARX,,VARY,,VAR1,0,VAR2,0,VAR3,0,VAR4,0
talebi,17,ò› ÂÊ«ÌÌ,"KW,",1,VARL,428,VARW,348,VARX,,VARY,,VAR1,0,VAR2,0,VAR3,0,VAR4,0
talebi,18,16„Ì· Å‘  ÂÊ«ÌÌ,"16mmW,",1,VARL,728,VARW,488,VARX,,VARY,,VAR1,0,VAR2,0,VAR3,0,VAR4,0
talebi,18,»œ‰Â çÅ ÂÊ«ÌÌ-H,"BWL-H,E1M",1,VARL,756,VARW,348,VARX,,VARY,,VAR1,0,VAR2,0,VAR3,0,VAR4,0
talebi,18,»œ‰Â —«”  ÂÊ«ÌÌ,"BWR,E1M",1,VARL,756,VARW,348,VARX,,VARY,,VAR1,0,VAR2,0,VAR3,0,VAR4,0
talebi,18, «ﬁ ÂÊ«ÌÌ,"TW,",1,VARL,488,VARW,348,VARX,,VARY,,VAR1,0,VAR2,0,VAR3,0,VAR4,0
talebi,18,œ— ÂÊ«ÌÌ,"DAR-W,Q2H",1,VARL,786,VARW,514,VARX,,VARY,,VAR1,0,VAR2,0,VAR3,0,VAR4,0
talebi,18,ÿ»ﬁÂ,"T,M",1,VARL,484,VARW,296,VARX,,VARY,,VAR1,0,VAR2,0,VAR3,0,VAR4,0
talebi,18,ò› ÂÊ«ÌÌ,"KW,",1,VARL,488,VARW,348,VARX,,VARY,,VAR1,0,VAR2,0,VAR3,0,VAR4,0
talebi,19,16„Ì· Å‘  ÂÊ«ÌÌ,"16mmW,",1,VARL,728,VARW,1008,VARX,,VARY,,VAR1,0,VAR2,0,VAR3,0,VAR4,0
talebi,19,»œ‰Â çÅ ÂÊ«ÌÌ-H,"BWL-H,E1S",1,VARL,756,VARW,348,VARX,,VARY,,VAR1,0,VAR2,0,VAR3,0,VAR4,0
talebi,19,»œ‰Â —«”  ÂÊ«ÌÌ-H,"BWR-H,E1S",1,VARL,756,VARW,348,VARX,,VARY,,VAR1,0,VAR2,0,VAR3,0,VAR4,0
talebi,19, «ﬁ ÂÊ«ÌÌ,"TW,",1,VARL,1008,VARW,348,VARX,,VARY,,VAR1,0,VAR2,0,VAR3,0,VAR4,0
talebi,19,œ— ÂÊ«ÌÌ œÊ œ—,"DAR-W2,Q2H",2,VARL,786,VARW,514,VARX,,VARY,,VAR1,0,VAR2,0,VAR3,0,VAR4,0
talebi,19,ÿ»ﬁÂ,"T,S",1,VARL,1004,VARW,296,VARX,,VARY,,VAR1,0,VAR2,0,VAR3,0,VAR4,0
talebi,19,ò› ÂÊ«ÌÌ,"KW,",1,VARL,1008,VARW,348,VARX,,VARY,,VAR1,0,VAR2,0,VAR3,0,VAR4,0
talebi,20,16„Ì· Å‘  ÂÊ«ÌÌ,"16mmW,",1,VARL,728,VARW,488,VARX,,VARY,,VAR1,0,VAR2,0,VAR3,0,VAR4,0
talebi,20,»œ‰Â çÅ ÂÊ«ÌÌ,"BWL,E1M",1,VARL,756,VARW,348,VARX,,VARY,,VAR1,0,VAR2,0,VAR3,0,VAR4,0
talebi,20,»œ‰Â —«”  ÂÊ«ÌÌ-H,"BWR-H,E1M",1,VARL,756,VARW,348,VARX,,VARY,,VAR1,0,VAR2,0,VAR3,0,VAR4,0
talebi,20, «ﬁ ÂÊ«ÌÌ,"TW,",1,VARL,488,VARW,348,VARX,,VARY,,VAR1,0,VAR2,0,VAR3,0,VAR4,0
talebi,20,œ— ÂÊ«ÌÌ,"DAR-W,Q2H",1,VARL,786,VARW,514,VARX,,VARY,,VAR1,0,VAR2,0,VAR3,0,VAR4,0
talebi,20,ÿ»ﬁÂ,"T,M",1,VARL,484,VARW,296,VARX,,VARY,,VAR1,0,VAR2,0,VAR3,0,VAR4,0
talebi,20,ò› ÂÊ«ÌÌ,"KW,",1,VARL,488,VARW,348,VARX,,VARY,,VAR1,0,VAR2,0,VAR3,0,VAR4,0
talebi,22,16„Ì· Å‘  “„Ì‰Ì,"16mmZ,",1,VARL,717,VARW,498,VARX,,VARY,,VAR1,0,VAR2,0,VAR3,0,VAR4,0
talebi,22,16„Ì· ò„œ,"16mmK,",1,VARL,1463,VARW,498,VARX,,VARY,,VAR1,0,VAR2,0,VAR3,0,VAR4,0
talebi,22,»œ‰Â çÅ-U-H,"BZL-U,E1M",1,VARL,717,VARW,298,VARX,,VARY,,VAR1,0,VAR2,0,VAR3,0,VAR4,0
talebi,22,»œ‰Â —«”  “„Ì‰Ì-U,"BZR-U,E1M",1,VARL,717,VARW,298,VARX,,VARY,,VAR1,0,VAR2,0,VAR3,0,VAR4,0
talebi,22,»œ‰Â ò„œ çÅ-H,"BKL-H,E1M",1,VARL,1495,VARW,298,VARX,,VARY,,VAR1,0,VAR2,0,VAR3,0,VAR4,0
talebi,22,»œ‰Â ò„œ —«” ,"BKR,E1M",1,VARL,1495,VARW,298,VARX,,VARY,,VAR1,0,VAR2,0,VAR3,0,VAR4,0
talebi,22, «ﬁ ò„œÌ,"TAQK,",1,VARL,498,VARW,298,VARX,,VARY,,VAR1,0,VAR2,0,VAR3,0,VAR4,0
talebi,22,œ— “„Ì‰Ì,"DAR-Z,Q2H",1,VARL,676,VARW,524,VARX,,VARY,,VAR1,0,VAR2,0,VAR3,0,VAR4,0
talebi,22,œ— ò„œ,"DAR-K,Q2H",1,VARL,1506,VARW,524,VARX,,VARY,,VAR1,0,VAR2,0,VAR3,0,VAR4,0
talebi,22,ÿ»ﬁÂ,"T,M",1,VARL,494,VARW,250,VARX,,VARY,,VAR1,0,VAR2,0,VAR3,0,VAR4,0
talebi,22,ÿ»ﬁÂ,"T,M",3,VARL,490,VARW,250,VARX,,VARY,,VAR1,0,VAR2,0,VAR3,0,VAR4,0
talebi,22,ﬁÌœ “„Ì‰Ì,"QZ,",2,VARL,498,VARW,68,VARX,,VARY,,VAR1,0,VAR2,0,VAR3,0,VAR4,0
talebi,22,ò› “„Ì‰Ì,"KZ,P4",1,VARL,530,VARW,298,VARX,,VARY,,VAR1,0,VAR2,0,VAR3,0,VAR4,0
talebi,22,ò› ò„œÌ,"KAFK,P4",1,VARL,498,VARW,298,VARX,,VARY,,VAR1,0,VAR2,0,VAR3,0,VAR4,0
talebi,23,«· ›«—”Ì>,"NA-F,L",1,VARL,788,VARW,58,VARX,62,VARY,,VAR1,0,VAR2,0,VAR3,0,VAR4,0
talebi,23,‰„« ›«—”Ì>,"0,",1,VARL,786,VARW,370,VARX,,VARY,,VAR1,0,VAR2,0,VAR3,0,VAR4,0
talebi,24,«· ›«—”Ì>,"NA-F,L",1,VARL,852,VARW,58,VARX,62,VARY,,VAR1,0,VAR2,0,VAR3,0,VAR4,0
talebi,24,‰„« ›«—”Ì>,"0,",1,VARL,850,VARW,100,VARX,,VARY,,VAR1,0,VAR2,0,VAR3,0,VAR4,0
talebi,25,ﬁÌœ ”Ê»·-$,#N/A,2,VARL,702,VARW,50,VARX,,VARY,,VAR1,0,VAR2,0,VAR3,0,VAR4,0
talebi,25,‰„« ”Ê»· ”«œÂ-$,#N/A,2,VARL,702,VARW,750,VARX,,VARY,,VAR1,0,VAR2,0,VAR3,0,VAR4,0
talebi,26,ﬁÌœ ”Ê»·-$,#N/A,4,VARL,750,VARW,80,VARX,,VARY,,VAR1,0,VAR2,0,VAR3,0,VAR4,0
talebi,26,ﬁÌœ ”Ê»·-$,#N/A,4,VARL,1610,VARW,80,VARX,,VARY,,VAR1,0,VAR2,0,VAR3,0,VAR4,0
talebi,26,‰„« ”Ê»·-$,#N/A,1,VARL,1770,VARW,750,VARX,,VARY,,VAR1,0,VAR2,0,VAR3,0,VAR4,0
talebi,27,»œ‰Â çÅ ”Ì‰ò-L,"BSL-LF,",1,VARL,702,VARW,568,VARX,,VARY,,VAR1,0,VAR2,0,VAR3,0,VAR4,0
talebi,27,»œ‰Â —«”  ”Ì‰ò-L,"BSR-LF,",1,VARL,702,VARW,568,VARX,,VARY,,VAR1,0,VAR2,0,VAR3,0,VAR4,0
talebi,27,Å‘  ”Ì‰ò,"P-SINK,",1,VARL,78,VARW,868,VARX,,VARY,,VAR1,0,VAR2,0,VAR3,0,VAR4,0
talebi,27,œ— “„Ì‰Ì œÊ œ—,"DZ2,Q2H",2,VARL,676,VARW,444,VARX,,VARY,,VAR1,0,VAR2,0,VAR3,0,VAR4,0
talebi,27,œ” êÌ—Â L,"0,",1,VARL,900,VARW,85,VARX,,VARY,,VAR1,0,VAR2,0,VAR3,0,VAR4,0
talebi,27,ﬁÌœ ”Ì‰ò,"Q-SINK,",2,VARL,868,VARW,68,VARX,,VARY,,VAR1,0,VAR2,0,VAR3,0,VAR4,0
talebi,27,ò› ”Ì‰ò,"K-SINK,P6",1,VARL,900,VARW,498,VARX,,VARY,,VAR1,0,VAR2,0,VAR3,0,VAR4,0
talebi,28,16„Ì· Å‘  “„Ì‰Ì,"16mmZ,",1,VARL,702,VARW,948,VARX,,VARY,,VAR1,0,VAR2,0,VAR3,0,VAR4,0
talebi,28,»œ‰Â çÅ ò‘Ê-LU,"BZKL-LUF,",1,VARL,702,VARW,568,VARX,,VARY,,VAR1,0,VAR2,0,VAR3,0,VAR4,0
talebi,28,»œ‰Â —«”  ò‘Ê-LU,"BZKR-LUF,",1,VARL,702,VARW,568,VARX,,VARY,,VAR1,0,VAR2,0,VAR3,0,VAR4,0
talebi,28,»€· ò‘Ê,"BAQKESHO,",2,VARL,500,VARW,83,VARX,,VARY,,VAR1,0,VAR2,0,VAR3,0,VAR4,0
talebi,28,»€· ò‘Ê,"BAQKESHO,",2,VARL,500,VARW,118,VARX,,VARY,,VAR1,0,VAR2,0,VAR3,0,VAR4,0
talebi,28,»€· ò‘Ê,"BAQKESHO,",2,VARL,500,VARW,198,VARX,,VARY,,VAR1,0,VAR2,0,VAR3,0,VAR4,0
talebi,28,Å‘  ò‘Ê,"PK,",2,VARL,908,VARW,70,VARX,,VARY,,VAR1,0,VAR2,0,VAR3,0,VAR4,0
talebi,28,Å‘  ò‘Ê,"PK,",2,VARL,908,VARW,105,VARX,,VARY,,VAR1,0,VAR2,0,VAR3,0,VAR4,0
talebi,28,Å‘  ò‘Ê,"PK,",2,VARL,908,VARW,185,VARX,,VARY,,VAR1,0,VAR2,0,VAR3,0,VAR4,0
talebi,28,œ— ò‘Ê,"DAR-KE,",1,VARL,155,VARW,974,VARX,,VARY,,VAR1,0,VAR2,0,VAR3,0,VAR4,0
talebi,28,œ— ò‘Ê,"DAR-KE,",1,VARL,155,VARW,974,VARX,,VARY,,VAR1,0,VAR2,0,VAR3,0,VAR4,0
talebi,28,œ— ò‘Ê »·Ê„,"DAR-KB,",1,VARL,316,VARW,974,VARX,,VARY,,VAR1,0,VAR2,0,VAR3,0,VAR4,0
talebi,28,œ” êÌ—Â L,"0,",1,VARL,980,VARW,85,VARX,,VARY,,VAR1,0,VAR2,0,VAR3,0,VAR4,0
talebi,28,œ” êÌ—Â U,"0,",1,VARL,980,VARW,85,VARX,,VARY,,VAR1,0,VAR2,0,VAR3,0,VAR4,0
talebi,28,ﬁÌœ “„Ì‰Ì,"QZ,",2,VARL,948,VARW,68,VARX,,VARY,,VAR1,0,VAR2,0,VAR3,0,VAR4,0
talebi,28,ò› “„Ì‰Ì,"KZ,P6",1,VARL,980,VARW,568,VARX,,VARY,,VAR1,0,VAR2,0,VAR3,0,VAR4,0
talebi,28,ò› ò‘Ê,"KAF-K,",1,VARL,908,VARW,536,VARX,,VARY,,VAR1,0,VAR2,0,VAR3,0,VAR4,0
talebi,28,ò› ò‘Ê,"KAF-K,",1,VARL,908,VARW,536,VARX,,VARY,,VAR1,0,VAR2,0,VAR3,0,VAR4,0
talebi,28,ò› ò‘Ê,"KAF-K,",1,VARL,908,VARW,536,VARX,,VARY,,VAR1,0,VAR2,0,VAR3,0,VAR4,0
talebi,29,16„Ì· Å‘  “„Ì‰Ì,"16mmZ,",1,VARL,702,VARW,948,VARX,,VARY,,VAR1,0,VAR2,0,VAR3,0,VAR4,0
talebi,29,»œ‰Â çÅ ò‘Ê-LU,"BZKL-LUF,",1,VARL,702,VARW,568,VARX,,VARY,,VAR1,0,VAR2,0,VAR3,0,VAR4,0
talebi,29,»œ‰Â —«”  ò‘Ê-LU,"BZKR-LUF,",1,VARL,702,VARW,568,VARX,,VARY,,VAR1,0,VAR2,0,VAR3,0,VAR4,0
talebi,29,»€· ò‘Ê,"BAQKESHO,",2,VARL,500,VARW,83,VARX,,VARY,,VAR1,0,VAR2,0,VAR3,0,VAR4,0
talebi,29,»€· ò‘Ê,"BAQKESHO,",2,VARL,500,VARW,118,VARX,,VARY,,VAR1,0,VAR2,0,VAR3,0,VAR4,0
talebi,29,»€· ò‘Ê,"BAQKESHO,",2,VARL,500,VARW,198,VARX,,VARY,,VAR1,0,VAR2,0,VAR3,0,VAR4,0
talebi,29,Å‘  ò‘Ê,"PK,",2,VARL,908,VARW,70,VARX,,VARY,,VAR1,0,VAR2,0,VAR3,0,VAR4,0
talebi,29,Å‘  ò‘Ê,"PK,",2,VARL,908,VARW,105,VARX,,VARY,,VAR1,0,VAR2,0,VAR3,0,VAR4,0
talebi,29,Å‘  ò‘Ê,"PK,",2,VARL,908,VARW,185,VARX,,VARY,,VAR1,0,VAR2,0,VAR3,0,VAR4,0
talebi,29,œ— ò‘Ê,"DAR-KE,",1,VARL,155,VARW,974,VARX,,VARY,,VAR1,0,VAR2,0,VAR3,0,VAR4,0
talebi,29,œ— ò‘Ê,"DAR-KE,",1,VARL,155,VARW,974,VARX,,VARY,,VAR1,0,VAR2,0,VAR3,0,VAR4,0
talebi,29,œ— ò‘Ê »·Ê„,"DAR-KB,",1,VARL,316,VARW,974,VARX,,VARY,,VAR1,0,VAR2,0,VAR3,0,VAR4,0
talebi,29,œ” êÌ—Â L,"0,",1,VARL,980,VARW,85,VARX,,VARY,,VAR1,0,VAR2,0,VAR3,0,VAR4,0
talebi,29,œ” êÌ—Â U,"0,",1,VARL,980,VARW,85,VARX,,VARY,,VAR1,0,VAR2,0,VAR3,0,VAR4,0
talebi,29,ﬁÌœ “„Ì‰Ì,"QZ,",2,VARL,948,VARW,68,VARX,,VARY,,VAR1,0,VAR2,0,VAR3,0,VAR4,0
talebi,29,ò› “„Ì‰Ì,"KZ,P6",1,VARL,980,VARW,568,VARX,,VARY,,VAR1,0,VAR2,0,VAR3,0,VAR4,0
talebi,29,ò› ò‘Ê,"KAF-K,",1,VARL,908,VARW,536,VARX,,VARY,,VAR1,0,VAR2,0,VAR3,0,VAR4,0
talebi,29,ò› ò‘Ê,"KAF-K,",1,VARL,908,VARW,536,VARX,,VARY,,VAR1,0,VAR2,0,VAR3,0,VAR4,0
talebi,29,ò› ò‘Ê,"KAF-K,",1,VARL,908,VARW,536,VARX,,VARY,,VAR1,0,VAR2,0,VAR3,0,VAR4,0
talebi,30,‰„« ”«œÂ,"NA-SA,",1,VARL,2366,VARW,716,VARX,,VARY,,VAR1,0,VAR2,0,VAR3,0,VAR4,0
talebi,31,‰„« ”«œÂ,"NA-SA,",1,VARL,2366,VARW,96,VARX,,VARY,,VAR1,0,VAR2,0,VAR3,0,VAR4,0
talebi,32,‰„« ”«œÂ,"NA-SA,",1,VARL,2366,VARW,96,VARX,,VARY,,VAR1,0,VAR2,0,VAR3,0,VAR4,0
talebi,33,‰„« ”«œÂ,"NA-SA,",1,VARL,2366,VARW,106,VARX,,VARY,,VAR1,0,VAR2,0,VAR3,0,VAR4,0
talebi,34,‰„« ”«œÂ,"NA-SA,",1,VARL,886,VARW,366,VARX,,VARY,,VAR1,0,VAR2,0,VAR3,0,VAR4,0
talebi,35,‰„« ”«œÂ,"NA-SA,",1,VARL,698,VARW,746,VARX,,VARY,,VAR1,0,VAR2,0,VAR3,0,VAR4,0
talebi,36,16„Ì· Å‘  “„Ì‰Ì,"16mmZ,",1,VARL,92,VARW,368,VARX,,VARY,,VAR1,0,VAR2,0,VAR3,0,VAR4,0
talebi,36,»œ‰Â çÅ “„Ì‰Ì-L,"BZL-LF,",1,VARL,92,VARW,198,VARX,,VARY,,VAR1,0,VAR2,0,VAR3,0,VAR4,0
talebi,36,»œ‰Â —«”  “„Ì‰Ì-L,"BZR-LF,",1,VARL,92,VARW,198,VARX,,VARY,,VAR1,0,VAR2,0,VAR3,0,VAR4,0
talebi,36,œ— ÃòÌ,"DAR-J,Q2H",1,VARL,66,VARW,394,VARX,,VARY,,VAR1,0,VAR2,0,VAR3,0,VAR4,0
talebi,36,œ” êÌ—Â L,"0,",1,VARL,400,VARW,85,VARX,,VARY,,VAR1,0,VAR2,0,VAR3,0,VAR4,0
talebi,36,ﬁÌœ “„Ì‰Ì,"QZ,",2,VARL,368,VARW,68,VARX,,VARY,,VAR1,0,VAR2,0,VAR3,0,VAR4,0
talebi,36,ò› “„Ì‰Ì,"KZ,P4",1,VARL,400,VARW,198,VARX,,VARY,,VAR1,0,VAR2,0,VAR3,0,VAR4,0
talebi,37,16„Ì· Å‘  “„Ì‰Ì,"16mmZ,",1,VARL,92,VARW,368,VARX,,VARY,,VAR1,0,VAR2,0,VAR3,0,VAR4,0
talebi,37,»œ‰Â çÅ “„Ì‰Ì-L,"BZL-LF,",1,VARL,92,VARW,508,VARX,,VARY,,VAR1,0,VAR2,0,VAR3,0,VAR4,0
talebi,37,»œ‰Â —«”  “„Ì‰Ì-L,"BZR-LF,",1,VARL,92,VARW,508,VARX,,VARY,,VAR1,0,VAR2,0,VAR3,0,VAR4,0
talebi,37,œ— ÃòÌ,"DAR-J,Q2H",1,VARL,66,VARW,394,VARX,,VARY,,VAR1,0,VAR2,0,VAR3,0,VAR4,0
talebi,37,œ” êÌ—Â L,"0,",1,VARL,400,VARW,85,VARX,,VARY,,VAR1,0,VAR2,0,VAR3,0,VAR4,0
talebi,37,ﬁÌœ “„Ì‰Ì,"QZ,",2,VARL,368,VARW,68,VARX,,VARY,,VAR1,0,VAR2,0,VAR3,0,VAR4,0
talebi,37,ò› “„Ì‰Ì,"KZ,P4",1,VARL,400,VARW,508,VARX,,VARY,,VAR1,0,VAR2,0,VAR3,0,VAR4,0
talebi,38,‰„« ”«œÂ,"NA-SA,",1,VARL,106,VARW,746,VARX,,VARY,,VAR1,0,VAR2,0,VAR3,0,VAR4,0
talebi,39,‰„« ”«œÂ,"NA-SA,",1,VARL,856,VARW,746,VARX,,VARY,,VAR1,0,VAR2,0,VAR3,0,VAR4,0
talebi,40,Å«ŒÊ—,"0,",1,VARL,1600,VARW,138,VARX,,VARY,,VAR1,0,VAR2,0,VAR3,0,VAR4,0
talebi,41,Å«ŒÊ—,"0,",1,VARL,600,VARW,138,VARX,,VARY,,VAR1,0,VAR2,0,VAR3,0,VAR4,0
talebi,42,Å«ŒÊ—,"0,",1,VARL,3310,VARW,138,VARX,,VARY,,VAR1,0,VAR2,0,VAR3,0,VAR4,0
talebi,43,Å«ŒÊ—,"0,",1,VARL,1600,VARW,138,VARX,,VARY,,VAR1,0,VAR2,0,VAR3,0,VAR4,0
talebi,44,Å«ŒÊ—,"0,",1,VARL,530,VARW,138,VARX,,VARY,,VAR1,0,VAR2,0,VAR3,0,VAR4,0
talebi,45,16„Ì· Å‘  “„Ì‰Ì,"16mmZ,",1,VARL,286,VARW,568,VARX,,VARY,,VAR1,0,VAR2,0,VAR3,0,VAR4,0
talebi,45,16„Ì· Å‘  ÂÊ«ÌÌ,"16mmW,",1,VARL,818,VARW,568,VARX,,VARY,,VAR1,0,VAR2,0,VAR3,0,VAR4,0
talebi,45,»œ‰Â çÅ »«·« ›—-H,"BFERL-UP-H,E2M",1,VARL,850,VARW,698,VARX,,VARY,,VAR1,0,VAR2,0,VAR3,0,VAR4,0
talebi,45,»œ‰Â çÅ Å«ÌÌ‰ ›—,"BFERL-DW,E2M",1,VARL,1364,VARW,698,VARX,,VARY,,VAR1,0,VAR2,0,VAR3,0,VAR4,0
talebi,45,»œ‰Â —«”  »«·« ›—,"BFERR-UP,E2M",1,VARL,850,VARW,698,VARX,,VARY,,VAR1,0,VAR2,0,VAR3,0,VAR4,0
talebi,45,»œ‰Â —«”  Å«ÌÌ‰ ›—,"BFERR-DW,E2M",1,VARL,1364,VARW,698,VARX,,VARY,,VAR1,0,VAR2,0,VAR3,0,VAR4,0
talebi,45,»€· ò‘Ê,"BAQKESHO,",2,VARL,500,VARW,158,VARX,,VARY,,VAR1,0,VAR2,0,VAR3,0,VAR4,0
talebi,45,Å‘  ò‘Ê,"PK,",2,VARL,528,VARW,145,VARX,,VARY,,VAR1,0,VAR2,0,VAR3,0,VAR4,0
talebi,45, «ﬁ ò„œÌ,"TAQK,",1,VARL,568,VARW,698,VARX,,VARY,,VAR1,0,VAR2,0,VAR3,0,VAR4,0
talebi,45,œ— ò‘Ê,"DAR-KE,",1,VARL,316,VARW,594,VARX,,VARY,,VAR1,0,VAR2,0,VAR3,0,VAR4,0
talebi,45,œ— ò‘Ê,"DAR-KE,",1,VARL,311,VARW,594,VARX,,VARY,,VAR1,0,VAR2,0,VAR3,0,VAR4,0
talebi,45,œ— ÂÊ«ÌÌ,"DAR-W,Q3H",1,VARL,846,VARW,594,VARX,,VARY,,VAR1,0,VAR2,0,VAR3,0,VAR4,0
talebi,45,ÿ»ﬁÂ,"T,M",2,VARL,564,VARW,646,VARX,,VARY,,VAR1,0,VAR2,0,VAR3,0,VAR4,0
talebi,45,ÿ»ﬁÂ À«» ,"TS,",1,VARL,568,VARW,648,VARX,,VARY,,VAR1,0,VAR2,0,VAR3,0,VAR4,0
talebi,45,ò›  «ﬁ »«·« ›—,"KT-FER,",2,VARL,568,VARW,648,VARX,,VARY,,VAR1,0,VAR2,0,VAR3,0,VAR4,0
talebi,45,ò› ò‘Ê,"KAF-K,",1,VARL,528,VARW,466,VARX,,VARY,,VAR1,0,VAR2,0,VAR3,0,VAR4,0
talebi,45,ò› ò„œÌ,"KAFK,P4",1,VARL,600,VARW,698,VARX,,VARY,,VAR1,0,VAR2,0,VAR3,0,VAR4,0
talebi,46,Å«ŒÊ—,"0,",1,VARL,600,VARW,138,VARX,,VARY,,VAR1,0,VAR2,0,VAR3,0,VAR4,0
talebi,51,‰„« “Ì—,"0,",1,VARL,1800,VARW,348,VARX,,VARY,,VAR1,0,VAR2,0,VAR3,0,VAR4,0
talebi,52,‰„« “Ì—,"0,",1,VARL,2100,VARW,348,VARX,,VARY,,VAR1,0,VAR2,0,VAR3,0,VAR4,0
talebi,53,Å«ŒÊ—,"0,",1,VARL,720,VARW,138,VARX,,VARY,,VAR1,0,VAR2,0,VAR3,0,VAR4,0
talebi,55,ﬁÌœ ”Ê»·-$,#N/A,4,VARL,750,VARW,80,VARX,,VARY,,VAR1,0,VAR2,0,VAR3,0,VAR4,0
talebi,55,ﬁÌœ ”Ê»·-$,#N/A,4,VARL,1590,VARW,80,VARX,,VARY,,VAR1,0,VAR2,0,VAR3,0,VAR4,0
talebi,55,‰„« ”Ê»·-$,#N/A,1,VARL,1750,VARW,750,VARX,,VARY,,VAR1,0,VAR2,0,VAR3,0,VAR4,0
talebi,56,ﬁÌœ ”Ê»·-$,#N/A,2,VARL,702,VARW,50,VARX,,VARY,,VAR1,0,VAR2,0,VAR3,0,VAR4,0
talebi,56,‰„« ”Ê»· ”«œÂ-$,#N/A,2,VARL,702,VARW,750,VARX,,VARY,,VAR1,0,VAR2,0,VAR3,0,VAR4,0
talebi,57,Å«ŒÊ—,"0,",1,VARL,1800,VARW,138,VARX,,VARY,,VAR1,0,VAR2,0,VAR3,0,VAR4,0
talebi,58,Å«ŒÊ—,"0,",1,VARL,1800,VARW,138,VARX,,VARY,,VAR1,0,VAR2,0,VAR3,0,VAR4,0
talebi,59,16„Ì· Å‘  ÂÊ«ÌÌ,"16mmW,",1,VARL,798,VARW,418,VARX,,VARY,,VAR1,0,VAR2,0,VAR3,0,VAR4,0
talebi,59,»œ‰Â çÅ ÂÊ«ÌÌ-H,"BWL-H,E1M",1,VARL,826,VARW,348,VARX,,VARY,,VAR1,0,VAR2,0,VAR3,0,VAR4,0
talebi,59,»œ‰Â —«”  ÂÊ«ÌÌ,"BWR,E1M",1,VARL,826,VARW,348,VARX,,VARY,,VAR1,0,VAR2,0,VAR3,0,VAR4,0
talebi,59, «ﬁ ÂÊ«ÌÌ,"TW,",1,VARL,418,VARW,348,VARX,,VARY,,VAR1,0,VAR2,0,VAR3,0,VAR4,0
talebi,59,œ— ÂÊ«ÌÌ,"DAR-W,Q2H",1,VARL,856,VARW,444,VARX,,VARY,,VAR1,0,VAR2,0,VAR3,0,VAR4,0
talebi,59,ÿ»ﬁÂ,"T,M",1,VARL,414,VARW,296,VARX,,VARY,,VAR1,0,VAR2,0,VAR3,0,VAR4,0
talebi,59,ò› ÂÊ«ÌÌ,"KW,",1,VARL,418,VARW,348,VARX,,VARY,,VAR1,0,VAR2,0,VAR3,0,VAR4,0
talebi,60,16„Ì· Å‘  ÂÊ«ÌÌ,"16mmW,",1,VARL,698,VARW,478,VARX,,VARY,,VAR1,0,VAR2,0,VAR3,0,VAR4,0
talebi,60,»œ‰Â çÅ ÂÊ«ÌÌ,"BWL,E1M",1,VARL,726,VARW,348,VARX,,VARY,,VAR1,0,VAR2,0,VAR3,0,VAR4,0
talebi,60,»œ‰Â —«”  ÂÊ«ÌÌ-H,"BWR-H,E1M",1,VARL,726,VARW,348,VARX,,VARY,,VAR1,0,VAR2,0,VAR3,0,VAR4,0
talebi,60, «ﬁ ÂÊ«ÌÌ,"TW,",1,VARL,478,VARW,348,VARX,,VARY,,VAR1,0,VAR2,0,VAR3,0,VAR4,0
talebi,60,œ— ÂÊ«ÌÌ,"DAR-W,Q2H",1,VARL,756,VARW,504,VARX,,VARY,,VAR1,0,VAR2,0,VAR3,0,VAR4,0
talebi,60,ÿ»ﬁÂ,"T,M",1,VARL,474,VARW,296,VARX,,VARY,,VAR1,0,VAR2,0,VAR3,0,VAR4,0
talebi,60,ò› ÂÊ«ÌÌ,"KW,",1,VARL,478,VARW,348,VARX,,VARY,,VAR1,0,VAR2,0,VAR3,0,VAR4,0
talebi,61,16„Ì· Å‘  ÂÊ«ÌÌ,"16mmW,",1,VARL,698,VARW,988,VARX,,VARY,,VAR1,0,VAR2,0,VAR3,0,VAR4,0
talebi,61,»œ‰Â çÅ ÂÊ«ÌÌ-H,"BWL-H,E1S",1,VARL,726,VARW,348,VARX,,VARY,,VAR1,0,VAR2,0,VAR3,0,VAR4,0
talebi,61,»œ‰Â —«”  ÂÊ«ÌÌ-H,"BWR-H,E1S",1,VARL,726,VARW,348,VARX,,VARY,,VAR1,0,VAR2,0,VAR3,0,VAR4,0
talebi,61, «ﬁ ÂÊ«ÌÌ,"TW,",1,VARL,988,VARW,348,VARX,,VARY,,VAR1,0,VAR2,0,VAR3,0,VAR4,0
talebi,61,œ— ÂÊ«ÌÌ œÊ œ—,"DAR-W2,Q2H",2,VARL,756,VARW,504,VARX,,VARY,,VAR1,0,VAR2,0,VAR3,0,VAR4,0
talebi,61,ÿ»ﬁÂ,"T,S",1,VARL,984,VARW,296,VARX,,VARY,,VAR1,0,VAR2,0,VAR3,0,VAR4,0
talebi,61,ò› ÂÊ«ÌÌ,"KW,",1,VARL,988,VARW,348,VARX,,VARY,,VAR1,0,VAR2,0,VAR3,0,VAR4,0
talebi,62,16„Ì· Å‘  ÂÊ«ÌÌ,"16mmW,",1,VARL,698,VARW,478,VARX,,VARY,,VAR1,0,VAR2,0,VAR3,0,VAR4,0
talebi,62,»œ‰Â çÅ ÂÊ«ÌÌ-H,"BWL-H,E1M",1,VARL,726,VARW,348,VARX,,VARY,,VAR1,0,VAR2,0,VAR3,0,VAR4,0
talebi,62,»œ‰Â —«”  ÂÊ«ÌÌ,"BWR,E1M",1,VARL,726,VARW,348,VARX,,VARY,,VAR1,0,VAR2,0,VAR3,0,VAR4,0
talebi,62, «ﬁ ÂÊ«ÌÌ,"TW,",1,VARL,478,VARW,348,VARX,,VARY,,VAR1,0,VAR2,0,VAR3,0,VAR4,0
talebi,62,œ— ÂÊ«ÌÌ,"DAR-W,Q2H",1,VARL,756,VARW,504,VARX,,VARY,,VAR1,0,VAR2,0,VAR3,0,VAR4,0
talebi,62,ÿ»ﬁÂ,"T,M",1,VARL,474,VARW,296,VARX,,VARY,,VAR1,0,VAR2,0,VAR3,0,VAR4,0
talebi,62,ò› ÂÊ«ÌÌ,"KW,",1,VARL,478,VARW,348,VARX,,VARY,,VAR1,0,VAR2,0,VAR3,0,VAR4,0
talebi,63,16„Ì· Å‘  “„Ì‰Ì,"16mmZ,",1,VARL,702,VARW,908,VARX,,VARY,,VAR1,0,VAR2,0,VAR3,0,VAR4,0
talebi,63,»œ‰Â çÅ ò‘Ê-LU,"BZKL-LUF,",1,VARL,702,VARW,568,VARX,,VARY,,VAR1,0,VAR2,0,VAR3,0,VAR4,0
talebi,63,»œ‰Â —«”  ò‘Ê-LU,"BZKR-LUF,",1,VARL,702,VARW,568,VARX,,VARY,,VAR1,0,VAR2,0,VAR3,0,VAR4,0
talebi,63,»€· ò‘Ê,"BAQKESHO,",2,VARL,500,VARW,83,VARX,,VARY,,VAR1,0,VAR2,0,VAR3,0,VAR4,0
talebi,63,»€· ò‘Ê,"BAQKESHO,",2,VARL,500,VARW,118,VARX,,VARY,,VAR1,0,VAR2,0,VAR3,0,VAR4,0
talebi,63,»€· ò‘Ê,"BAQKESHO,",2,VARL,500,VARW,198,VARX,,VARY,,VAR1,0,VAR2,0,VAR3,0,VAR4,0
talebi,63,Å‘  ò‘Ê,"PK,",2,VARL,868,VARW,70,VARX,,VARY,,VAR1,0,VAR2,0,VAR3,0,VAR4,0
talebi,63,Å‘  ò‘Ê,"PK,",2,VARL,868,VARW,105,VARX,,VARY,,VAR1,0,VAR2,0,VAR3,0,VAR4,0
talebi,63,Å‘  ò‘Ê,"PK,",2,VARL,868,VARW,185,VARX,,VARY,,VAR1,0,VAR2,0,VAR3,0,VAR4,0
talebi,63,œ— ò‘Ê,"DAR-KE,",1,VARL,155,VARW,934,VARX,,VARY,,VAR1,0,VAR2,0,VAR3,0,VAR4,0
talebi,63,œ— ò‘Ê,"DAR-KE,",1,VARL,155,VARW,934,VARX,,VARY,,VAR1,0,VAR2,0,VAR3,0,VAR4,0
talebi,63,œ— ò‘Ê »·Ê„,"DAR-KB,",1,VARL,316,VARW,934,VARX,,VARY,,VAR1,0,VAR2,0,VAR3,0,VAR4,0
talebi,63,œ” êÌ—Â L,"0,",1,VARL,940,VARW,85,VARX,,VARY,,VAR1,0,VAR2,0,VAR3,0,VAR4,0
talebi,63,œ” êÌ—Â U,"0,",1,VARL,940,VARW,85,VARX,,VARY,,VAR1,0,VAR2,0,VAR3,0,VAR4,0
talebi,63,ﬁÌœ “„Ì‰Ì,"QZ,",2,VARL,908,VARW,68,VARX,,VARY,,VAR1,0,VAR2,0,VAR3,0,VAR4,0
talebi,63,ò› “„Ì‰Ì,"KZ,P6",1,VARL,940,VARW,568,VARX,,VARY,,VAR1,0,VAR2,0,VAR3,0,VAR4,0
talebi,63,ò› ò‘Ê,"KAF-K,",1,VARL,868,VARW,466,VARX,,VARY,,VAR1,0,VAR2,0,VAR3,0,VAR4,0
talebi,63,ò› ò‘Ê,"KAF-K,",1,VARL,868,VARW,466,VARX,,VARY,,VAR1,0,VAR2,0,VAR3,0,VAR4,0
talebi,63,ò› ò‘Ê,"KAF-K,",1,VARL,868,VARW,466,VARX,,VARY,,VAR1,0,VAR2,0,VAR3,0,VAR4,0
talebi,64,16„Ì· Å‘  “„Ì‰Ì,"16mmZ,",1,VARL,702,VARW,908,VARX,,VARY,,VAR1,0,VAR2,0,VAR3,0,VAR4,0
talebi,64,»œ‰Â çÅ ò‘Ê-LU,"BZKL-LUF,",1,VARL,702,VARW,568,VARX,,VARY,,VAR1,0,VAR2,0,VAR3,0,VAR4,0
talebi,64,»œ‰Â —«”  ò‘Ê-LU,"BZKR-LUF,",1,VARL,702,VARW,568,VARX,,VARY,,VAR1,0,VAR2,0,VAR3,0,VAR4,0
talebi,64,»€· ò‘Ê,"BAQKESHO,",2,VARL,500,VARW,83,VARX,,VARY,,VAR1,0,VAR2,0,VAR3,0,VAR4,0
talebi,64,»€· ò‘Ê,"BAQKESHO,",2,VARL,500,VARW,118,VARX,,VARY,,VAR1,0,VAR2,0,VAR3,0,VAR4,0
talebi,64,»€· ò‘Ê,"BAQKESHO,",2,VARL,500,VARW,198,VARX,,VARY,,VAR1,0,VAR2,0,VAR3,0,VAR4,0
talebi,64,Å‘  ò‘Ê,"PK,",2,VARL,868,VARW,70,VARX,,VARY,,VAR1,0,VAR2,0,VAR3,0,VAR4,0
talebi,64,Å‘  ò‘Ê,"PK,",2,VARL,868,VARW,105,VARX,,VARY,,VAR1,0,VAR2,0,VAR3,0,VAR4,0
talebi,64,Å‘  ò‘Ê,"PK,",2,VARL,868,VARW,185,VARX,,VARY,,VAR1,0,VAR2,0,VAR3,0,VAR4,0
talebi,64,œ— ò‘Ê,"DAR-KE,",1,VARL,155,VARW,934,VARX,,VARY,,VAR1,0,VAR2,0,VAR3,0,VAR4,0
talebi,64,œ— ò‘Ê,"DAR-KE,",1,VARL,155,VARW,934,VARX,,VARY,,VAR1,0,VAR2,0,VAR3,0,VAR4,0
talebi,64,œ— ò‘Ê »·Ê„,"DAR-KB,",1,VARL,316,VARW,934,VARX,,VARY,,VAR1,0,VAR2,0,VAR3,0,VAR4,0
talebi,64,œ” êÌ—Â L,"0,",1,VARL,940,VARW,85,VARX,,VARY,,VAR1,0,VAR2,0,VAR3,0,VAR4,0
talebi,64,œ” êÌ—Â U,"0,",1,VARL,940,VARW,85,VARX,,VARY,,VAR1,0,VAR2,0,VAR3,0,VAR4,0
talebi,64,ﬁÌœ “„Ì‰Ì,"QZ,",2,VARL,908,VARW,68,VARX,,VARY,,VAR1,0,VAR2,0,VAR3,0,VAR4,0
talebi,64,ò› “„Ì‰Ì,"KZ,P6",1,VARL,940,VARW,568,VARX,,VARY,,VAR1,0,VAR2,0,VAR3,0,VAR4,0
talebi,64,ò› ò‘Ê,"KAF-K,",1,VARL,868,VARW,466,VARX,,VARY,,VAR1,0,VAR2,0,VAR3,0,VAR4,0
talebi,64,ò› ò‘Ê,"KAF-K,",1,VARL,868,VARW,466,VARX,,VARY,,VAR1,0,VAR2,0,VAR3,0,VAR4,0
talebi,64,ò› ò‘Ê,"KAF-K,",1,VARL,868,VARW,466,VARX,,VARY,,VAR1,0,VAR2,0,VAR3,0,VAR4,0
talebi,65,«· ›«—”Ì>,"NA-F,L",1,VARL,858,VARW,58,VARX,62,VARY,,VAR1,0,VAR2,0,VAR3,0,VAR4,0
talebi,65,‰„« ›«—”Ì>,"0,",1,VARL,856,VARW,100,VARX,,VARY,,VAR1,0,VAR2,0,VAR3,0,VAR4,0
talebi,66,16„Ì· Å‘  ÂÊ«ÌÌ,"16mmW,",1,VARL,798,VARW,418,VARX,,VARY,,VAR1,0,VAR2,0,VAR3,0,VAR4,0
talebi,66,»œ‰Â çÅ ÂÊ«ÌÌ,"BWL,E1M",1,VARL,826,VARW,348,VARX,,VARY,,VAR1,0,VAR2,0,VAR3,0,VAR4,0
talebi,66,»œ‰Â —«”  ÂÊ«ÌÌ-H,"BWR-H,E1M",1,VARL,826,VARW,348,VARX,,VARY,,VAR1,0,VAR2,0,VAR3,0,VAR4,0
talebi,66, «ﬁ ÂÊ«ÌÌ,"TW,",1,VARL,418,VARW,348,VARX,,VARY,,VAR1,0,VAR2,0,VAR3,0,VAR4,0
talebi,66,œ— ÂÊ«ÌÌ,"DAR-W,Q2H",1,VARL,856,VARW,444,VARX,,VARY,,VAR1,0,VAR2,0,VAR3,0,VAR4,0
talebi,66,ÿ»ﬁÂ,"T,M",1,VARL,414,VARW,296,VARX,,VARY,,VAR1,0,VAR2,0,VAR3,0,VAR4,0
talebi,66,ò› ÂÊ«ÌÌ,"KW,",1,VARL,418,VARW,348,VARX,,VARY,,VAR1,0,VAR2,0,VAR3,0,VAR4,0
talebi,67,16„Ì· Å‘  ÂÊ«ÌÌ,"16mmW,",1,VARL,798,VARW,868,VARX,,VARY,,VAR1,0,VAR2,0,VAR3,0,VAR4,0
talebi,67,»œ‰Â çÅ ÂÊ«ÌÌ-H,"BWL-H,E1M",1,VARL,826,VARW,348,VARX,,VARY,,VAR1,0,VAR2,0,VAR3,0,VAR4,0
talebi,67,»œ‰Â —«”  ÂÊ«ÌÌ-H,"BWR-H,E1M",1,VARL,826,VARW,348,VARX,,VARY,,VAR1,0,VAR2,0,VAR3,0,VAR4,0
talebi,67, «ﬁ ÂÊ«ÌÌ,"TW,",1,VARL,868,VARW,348,VARX,,VARY,,VAR1,0,VAR2,0,VAR3,0,VAR4,0
talebi,67,œ— ÂÊ«ÌÌ œÊ œ—,"DAR-W2,Q2H",2,VARL,856,VARW,444,VARX,,VARY,,VAR1,0,VAR2,0,VAR3,0,VAR4,0
talebi,67,ÿ»ﬁÂ,"T,M",1,VARL,864,VARW,296,VARX,,VARY,,VAR1,0,VAR2,0,VAR3,0,VAR4,0
talebi,67,ò› ÂÊ«ÌÌ,"KW,",1,VARL,868,VARW,348,VARX,,VARY,,VAR1,0,VAR2,0,VAR3,0,VAR4,0
talebi,68,16„Ì· Å‘  ÂÊ«ÌÌ,"16mmW,",1,VARL,488,VARW,918,VARX,,VARY,,VAR1,0,VAR2,0,VAR3,0,VAR4,0
talebi,68,»œ‰Â  —«”  ÌŒç«·,"BYR,",1,VARL,516,VARW,698,VARX,,VARY,,VAR1,0,VAR2,0,VAR3,0,VAR4,0
talebi,68,»œ‰Â çÅ ÌŒç«·,"BYL,",1,VARL,516,VARW,698,VARX,,VARY,,VAR1,0,VAR2,0,VAR3,0,VAR4,0
talebi,68, «ﬁ »«·« ÌŒç«·,"TY,0",1,VARL,918,VARW,498,VARX,,VARY,,VAR1,0,VAR2,0,VAR3,0,VAR4,0
talebi,68,œ— ÂÊ«ÌÌ œÊ œ—,"DAR-W2,Q2H",2,VARL,514,VARW,469,VARX,,VARY,,VAR1,0,VAR2,0,VAR3,0,VAR4,0
talebi,68,ò› »«·« ÌŒç«·,"KY,0",1,VARL,918,VARW,498,VARX,,VARY,,VAR1,0,VAR2,0,VAR3,0,VAR4,0
talebi,69,‰„« ÌÊ ›«—”Ì <,"NA-U->,",1,VARL,2360,VARW,720,VARX,,VARY,,VAR1,0,VAR2,0,VAR3,0,VAR4,0
talebi,69,‰„« ÌÊ ›«—”Ì <>,"NA-U-<>,",1,VARL,2360,VARW,84,VARX,,VARY,,VAR1,0,VAR2,0,VAR3,0,VAR4,0
talebi,69,‰„« ÌÊ ›«—”Ì ”«œÂ >,#N/A,1,VARL,2360,VARW,80,VARX,,VARY,,VAR1,0,VAR2,0,VAR3,0,VAR4,0
talebi,70,«· ›«—”Ì>,"NA-F,L",1,VARL,2362,VARW,78,VARX,82,VARY,,VAR1,0,VAR2,0,VAR3,0,VAR4,0
talebi,70,‰„« ›«—”Ì>,"0,",1,VARL,2360,VARW,100,VARX,,VARY,,VAR1,0,VAR2,0,VAR3,0,VAR4,0
talebi,71,‰„« ”«œÂ,"NA-SA,",1,VARL,2360,VARW,216,VARX,,VARY,,VAR1,0,VAR2,0,VAR3,0,VAR4,0
talebi,72,‰„« ”«œÂ,"NA-SA,",1,VARL,2360,VARW,96,VARX,,VARY,,VAR1,0,VAR2,0,VAR3,0,VAR4,0
talebi,73,16„Ì· Å‘  “„Ì‰Ì,"16mmZ,",1,VARL,702,VARW,868,VARX,,VARY,,VAR1,0,VAR2,0,VAR3,0,VAR4,0
talebi,73,»œ‰Â çÅ-L-H,"BZL-LF,E1M",1,VARL,702,VARW,198,VARX,,VARY,,VAR1,0,VAR2,0,VAR3,0,VAR4,0
talebi,73,»œ‰Â —«” -L-H,"BZR-LF,E1M",1,VARL,702,VARW,198,VARX,,VARY,,VAR1,0,VAR2,0,VAR3,0,VAR4,0
talebi,73,œ— “„Ì‰Ì œÊ œ—,"DZ2,Q2H",2,VARL,676,VARW,444,VARX,,VARY,,VAR1,0,VAR2,0,VAR3,0,VAR4,0
talebi,73,œ” êÌ—Â L,"0,",1,VARL,900,VARW,85,VARX,,VARY,,VAR1,0,VAR2,0,VAR3,0,VAR4,0
talebi,73,ÿ»ﬁÂ,"T,M",1,VARL,864,VARW,146,VARX,,VARY,,VAR1,0,VAR2,0,VAR3,0,VAR4,0
talebi,73,ﬁÌœ “„Ì‰Ì,"QZ,",2,VARL,868,VARW,68,VARX,,VARY,,VAR1,0,VAR2,0,VAR3,0,VAR4,0
talebi,73,ò› “„Ì‰Ì,"KZ,P6",1,VARL,900,VARW,198,VARX,,VARY,,VAR1,0,VAR2,0,VAR3,0,VAR4,0
talebi,74,16„Ì· Å‘  “„Ì‰Ì,"16mmZ,",1,VARL,544,VARW,418,VARX,,VARY,,VAR1,0,VAR2,0,VAR3,0,VAR4,0
talebi,74,»œ‰Â çÅ,"BL,E1M",1,VARL,544,VARW,198,VARX,,VARY,,VAR1,0,VAR2,0,VAR3,0,VAR4,0
talebi,74,»œ‰Â —«”  “„Ì‰Ì-H,"BR-H,E1M",1,VARL,544,VARW,198,VARX,,VARY,,VAR1,0,VAR2,0,VAR3,0,VAR4,0
talebi,74,œ— “„Ì‰Ì,"DAR-Z,Q2H",1,VARL,555,VARW,444,VARX,,VARY,,VAR1,0,VAR2,0,VAR3,0,VAR4,0
talebi,74,ÿ»ﬁÂ,"T,M",1,VARL,414,VARW,146,VARX,,VARY,,VAR1,0,VAR2,0,VAR3,0,VAR4,0
talebi,74,ﬁÌœ “„Ì‰Ì,"QZ,",2,VARL,418,VARW,68,VARX,,VARY,,VAR1,0,VAR2,0,VAR3,0,VAR4,0
talebi,74,ò› “„Ì‰Ì,"KZ,P4",1,VARL,450,VARW,198,VARX,,VARY,,VAR1,0,VAR2,0,VAR3,0,VAR4,0
talebi,75,16„Ì· Å‘  “„Ì‰Ì,"16mmZ,",1,VARL,702,VARW,418,VARX,,VARY,,VAR1,0,VAR2,0,VAR3,0,VAR4,0
talebi,75,»œ‰Â çÅ-L-H,"BZL-LF,E1M",1,VARL,702,VARW,198,VARX,,VARY,,VAR1,0,VAR2,0,VAR3,0,VAR4,0
talebi,75,»œ‰Â —«”  “„Ì‰Ì-L,"BZR-LF,E1M",1,VARL,702,VARW,198,VARX,,VARY,,VAR1,0,VAR2,0,VAR3,0,VAR4,0
talebi,75,œ— “„Ì‰Ì,"DAR-Z,Q2H",1,VARL,676,VARW,444,VARX,,VARY,,VAR1,0,VAR2,0,VAR3,0,VAR4,0
talebi,75,œ” êÌ—Â L,"0,",1,VARL,450,VARW,85,VARX,,VARY,,VAR1,0,VAR2,0,VAR3,0,VAR4,0
talebi,75,ÿ»ﬁÂ,"T,M",1,VARL,414,VARW,146,VARX,,VARY,,VAR1,0,VAR2,0,VAR3,0,VAR4,0
talebi,75,ﬁÌœ “„Ì‰Ì,"QZ,",2,VARL,418,VARW,68,VARX,,VARY,,VAR1,0,VAR2,0,VAR3,0,VAR4,0
talebi,75,ò› “„Ì‰Ì,"KZ,P4",1,VARL,450,VARW,198,VARX,,VARY,,VAR1,0,VAR2,0,VAR3,0,VAR4,0
talebi,76,16„Ì· Å‘  “„Ì‰Ì,"16mmZ,",1,VARL,92,VARW,418,VARX,,VARY,,VAR1,0,VAR2,0,VAR3,0,VAR4,0
talebi,76,»œ‰Â çÅ ò‘Ê-L,"BZKL-LF,",1,VARL,92,VARW,198,VARX,,VARY,,VAR1,0,VAR2,0,VAR3,0,VAR4,0
talebi,76,»œ‰Â —«”  ò‘Ê-L,"BZKR-LF,",1,VARL,92,VARW,198,VARX,,VARY,,VAR1,0,VAR2,0,VAR3,0,VAR4,0
talebi,76,œ— ò‘Ê,"DAR-KE,H1",1,VARL,66,VARW,444,VARX,,VARY,,VAR1,0,VAR2,0,VAR3,0,VAR4,0
talebi,76,œ” êÌ—Â L,"0,",1,VARL,450,VARW,85,VARX,,VARY,,VAR1,0,VAR2,0,VAR3,0,VAR4,0
talebi,76,ﬁÌœ “„Ì‰Ì,"QZ,",2,VARL,418,VARW,68,VARX,,VARY,,VAR1,0,VAR2,0,VAR3,0,VAR4,0
talebi,76,ò› “„Ì‰Ì,"KZ,P4",1,VARL,450,VARW,198,VARX,,VARY,,VAR1,0,VAR2,0,VAR3,0,VAR4,0
talebi,77,‰„« ”«œÂ,"NA-SA,",1,VARL,106,VARW,746,VARX,,VARY,,VAR1,0,VAR2,0,VAR3,0,VAR4,0
talebi,78,‰„« ”«œÂ,"NA-SA,",1,VARL,856,VARW,746,VARX,,VARY,,VAR1,0,VAR2,0,VAR3,0,VAR4,0
talebi,79,16„Ì· Å‘  “„Ì‰Ì,"16mmZ,",1,VARL,702,VARW,418,VARX,,VARY,,VAR1,0,VAR2,0,VAR3,0,VAR4,0
talebi,79,»œ‰Â çÅ “„Ì‰Ì-L,"BZL-LF,E1M",1,VARL,702,VARW,508,VARX,,VARY,,VAR1,0,VAR2,0,VAR3,0,VAR4,0
talebi,79,»œ‰Â —«” -L-H,"BZR-LF,E1M",1,VARL,702,VARW,508,VARX,,VARY,,VAR1,0,VAR2,0,VAR3,0,VAR4,0
talebi,79,œ— “„Ì‰Ì,"DAR-Z,Q2H",1,VARL,676,VARW,444,VARX,,VARY,,VAR1,0,VAR2,0,VAR3,0,VAR4,0
talebi,79,œ” êÌ—Â L,"0,",1,VARL,450,VARW,85,VARX,,VARY,,VAR1,0,VAR2,0,VAR3,0,VAR4,0
talebi,79,ÿ»ﬁÂ,"T,M",1,VARL,414,VARW,456,VARX,,VARY,,VAR1,0,VAR2,0,VAR3,0,VAR4,0
talebi,79,ﬁÌœ “„Ì‰Ì,"QZ,",2,VARL,418,VARW,68,VARX,,VARY,,VAR1,0,VAR2,0,VAR3,0,VAR4,0
talebi,79,ò› “„Ì‰Ì,"KZ,P4",1,VARL,450,VARW,508,VARX,,VARY,,VAR1,0,VAR2,0,VAR3,0,VAR4,0
talebi,80,16„Ì· Å‘  “„Ì‰Ì,"16mmZ,",1,VARL,702,VARW,868,VARX,,VARY,,VAR1,0,VAR2,0,VAR3,0,VAR4,0
talebi,80,»œ‰Â çÅ-L-H,"BZL-LF,E1M",1,VARL,702,VARW,508,VARX,,VARY,,VAR1,0,VAR2,0,VAR3,0,VAR4,0
talebi,80,»œ‰Â —«” -L-H,"BZR-LF,E1M",1,VARL,702,VARW,508,VARX,,VARY,,VAR1,0,VAR2,0,VAR3,0,VAR4,0
talebi,80,œ— “„Ì‰Ì œÊ œ—,"DZ2,Q2H",2,VARL,676,VARW,444,VARX,,VARY,,VAR1,0,VAR2,0,VAR3,0,VAR4,0
talebi,80,œ” êÌ—Â L,"0,",1,VARL,900,VARW,85,VARX,,VARY,,VAR1,0,VAR2,0,VAR3,0,VAR4,0
talebi,80,ÿ»ﬁÂ,"T,M",1,VARL,864,VARW,456,VARX,,VARY,,VAR1,0,VAR2,0,VAR3,0,VAR4,0
talebi,80,ﬁÌœ “„Ì‰Ì,"QZ,",2,VARL,868,VARW,68,VARX,,VARY,,VAR1,0,VAR2,0,VAR3,0,VAR4,0
talebi,80,ò› “„Ì‰Ì,"KZ,P6",1,VARL,900,VARW,508,VARX,,VARY,,VAR1,0,VAR2,0,VAR3,0,VAR4,0
talebi,81,16„Ì· Å‘  “„Ì‰Ì,"16mmZ,",1,VARL,544,VARW,418,VARX,,VARY,,VAR1,0,VAR2,0,VAR3,0,VAR4,0
talebi,81,»œ‰Â çÅ “„Ì‰Ì-H,"BL-H,E1M",1,VARL,544,VARW,508,VARX,,VARY,,VAR1,0,VAR2,0,VAR3,0,VAR4,0
talebi,81,»œ‰Â —«” ,"BR,E1M",1,VARL,544,VARW,508,VARX,,VARY,,VAR1,0,VAR2,0,VAR3,0,VAR4,0
talebi,81,œ— “„Ì‰Ì,"DAR-Z,Q2H",1,VARL,555,VARW,444,VARX,,VARY,,VAR1,0,VAR2,0,VAR3,0,VAR4,0
talebi,81,ÿ»ﬁÂ,"T,M",1,VARL,414,VARW,456,VARX,,VARY,,VAR1,0,VAR2,0,VAR3,0,VAR4,0
talebi,81,ﬁÌœ “„Ì‰Ì,"QZ,",2,VARL,418,VARW,68,VARX,,VARY,,VAR1,0,VAR2,0,VAR3,0,VAR4,0
talebi,81,ò› “„Ì‰Ì,"KZ,P4",1,VARL,450,VARW,508,VARX,,VARY,,VAR1,0,VAR2,0,VAR3,0,VAR4,0
talebi,82,16„Ì· Å‘  “„Ì‰Ì,"16mmZ,",1,VARL,92,VARW,418,VARX,,VARY,,VAR1,0,VAR2,0,VAR3,0,VAR4,0
talebi,82,»œ‰Â çÅ ò‘Ê-L,"BZKL-LF,",1,VARL,92,VARW,508,VARX,,VARY,,VAR1,0,VAR2,0,VAR3,0,VAR4,0
talebi,82,»œ‰Â —«”  ò‘Ê-L,"BZKR-LF,",1,VARL,92,VARW,508,VARX,,VARY,,VAR1,0,VAR2,0,VAR3,0,VAR4,0
talebi,82,œ— ò‘Ê,"DAR-KE,H1",1,VARL,66,VARW,444,VARX,,VARY,,VAR1,0,VAR2,0,VAR3,0,VAR4,0
talebi,82,œ” êÌ—Â L,"0,",1,VARL,450,VARW,85,VARX,,VARY,,VAR1,0,VAR2,0,VAR3,0,VAR4,0
talebi,82,ﬁÌœ “„Ì‰Ì,"QZ,",2,VARL,418,VARW,68,VARX,,VARY,,VAR1,0,VAR2,0,VAR3,0,VAR4,0
talebi,82,ò› “„Ì‰Ì,"KZ,P4",1,VARL,450,VARW,508,VARX,,VARY,,VAR1,0,VAR2,0,VAR3,0,VAR4,0
talebi,83,‰„« ”«œÂ,"NA-SA,",1,VARL,698,VARW,746,VARX,,VARY,,VAR1,0,VAR2,0,VAR3,0,VAR4,0
talebi,84,Å«ŒÊ—,"0,",1,VARL,2776,VARW,138,VARX,,VARY,,VAR1,0,VAR2,0,VAR3,0,VAR4,0
talebi,85,»œ‰Â çÅ ”Ì‰ò-L,"BSL-LF,",1,VARL,702,VARW,568,VARX,,VARY,,VAR1,0,VAR2,0,VAR3,0,VAR4,0
talebi,85,»œ‰Â —«”  ”Ì‰ò-L,"BSR-LF,",1,VARL,702,VARW,568,VARX,,VARY,,VAR1,0,VAR2,0,VAR3,0,VAR4,0
talebi,85,Å‘  ”Ì‰ò,"P-SINK,",1,VARL,78,VARW,868,VARX,,VARY,,VAR1,0,VAR2,0,VAR3,0,VAR4,0
talebi,85,œ— “„Ì‰Ì œÊ œ—,"DZ2,Q2H",2,VARL,676,VARW,444,VARX,,VARY,,VAR1,0,VAR2,0,VAR3,0,VAR4,0
talebi,85,œ” êÌ—Â L,"0,",1,VARL,900,VARW,85,VARX,,VARY,,VAR1,0,VAR2,0,VAR3,0,VAR4,0
talebi,85,ﬁÌœ ”Ì‰ò,"Q-SINK,",2,VARL,868,VARW,68,VARX,,VARY,,VAR1,0,VAR2,0,VAR3,0,VAR4,0
talebi,85,ò› ”Ì‰ò,"K-SINK,P6",1,VARL,900,VARW,498,VARX,,VARY,,VAR1,0,VAR2,0,VAR3,0,VAR4,0
talebi,86,16„Ì· Å‘  “„Ì‰Ì,"16mmZ,",1,VARL,702,VARW,418,VARX,,VARY,,VAR1,0,VAR2,0,VAR3,0,VAR4,0
talebi,86,»œ‰Â çÅ-L-H,"BZL-LF,E1M",1,VARL,702,VARW,568,VARX,,VARY,,VAR1,0,VAR2,0,VAR3,0,VAR4,0
talebi,86,»œ‰Â —«”  “„Ì‰Ì-L,"BZR-LF,E1M",1,VARL,702,VARW,568,VARX,,VARY,,VAR1,0,VAR2,0,VAR3,0,VAR4,0
talebi,86,œ— “„Ì‰Ì,"DAR-Z,Q2H",1,VARL,676,VARW,444,VARX,,VARY,,VAR1,0,VAR2,0,VAR3,0,VAR4,0
talebi,86,œ” êÌ—Â L,"0,",1,VARL,450,VARW,85,VARX,,VARY,,VAR1,0,VAR2,0,VAR3,0,VAR4,0
talebi,86,ÿ»ﬁÂ,"T,M",1,VARL,414,VARW,516,VARX,,VARY,,VAR1,0,VAR2,0,VAR3,0,VAR4,0
talebi,86,ﬁÌœ “„Ì‰Ì,"QZ,",2,VARL,418,VARW,68,VARX,,VARY,,VAR1,0,VAR2,0,VAR3,0,VAR4,0
talebi,86,ò› “„Ì‰Ì,"KZ,P4",1,VARL,450,VARW,568,VARX,,VARY,,VAR1,0,VAR2,0,VAR3,0,VAR4,0
talebi,87,Å«ŒÊ—,"0,",1,VARL,496,VARW,138,VARX,,VARY,,VAR1,0,VAR2,0,VAR3,0,VAR4,0
talebi,88,16„Ì· Å‘  “„Ì‰Ì,"16mmZ,",1,VARL,288,VARW,568,VARX,,VARY,,VAR1,0,VAR2,0,VAR3,0,VAR4,0
talebi,88,16„Ì· Å‘  ÂÊ«ÌÌ,"16mmW,",1,VARL,818,VARW,568,VARX,,VARY,,VAR1,0,VAR2,0,VAR3,0,VAR4,0
talebi,88,»œ‰Â çÅ »«·« ›—-H,"BFERL-UP-H,E2M",1,VARL,850,VARW,698,VARX,,VARY,,VAR1,0,VAR2,0,VAR3,0,VAR4,0
talebi,88,»œ‰Â çÅ Å«ÌÌ‰ ›—,"BFERL-DW,E2M",1,VARL,1364,VARW,698,VARX,,VARY,,VAR1,0,VAR2,0,VAR3,0,VAR4,0
talebi,88,»œ‰Â —«”  »«·« ›—,"BFERR-UP,E2M",1,VARL,850,VARW,698,VARX,,VARY,,VAR1,0,VAR2,0,VAR3,0,VAR4,0
talebi,88,»œ‰Â —«”  Å«ÌÌ‰ ›—,"BFERR-DW,E2M",1,VARL,1364,VARW,698,VARX,,VARY,,VAR1,0,VAR2,0,VAR3,0,VAR4,0
talebi,88,»€· ò‘Ê,"BAQKESHO,",2,VARL,500,VARW,158,VARX,,VARY,,VAR1,0,VAR2,0,VAR3,0,VAR4,0
talebi,88,Å‘  ò‘Ê,"PK,",2,VARL,528,VARW,145,VARX,,VARY,,VAR1,0,VAR2,0,VAR3,0,VAR4,0
talebi,88, «ﬁ ò„œÌ,"TAQK,",1,VARL,568,VARW,698,VARX,,VARY,,VAR1,0,VAR2,0,VAR3,0,VAR4,0
talebi,88,œ— ò‘Ê,"DAR-KE,",1,VARL,316,VARW,594,VARX,,VARY,,VAR1,0,VAR2,0,VAR3,0,VAR4,0
talebi,88,œ— ò‘Ê,"DAR-KE,",1,VARL,311,VARW,594,VARX,,VARY,,VAR1,0,VAR2,0,VAR3,0,VAR4,0
talebi,88,œ— ÂÊ«ÌÌ,"DAR-W,Q3H",1,VARL,846,VARW,594,VARX,,VARY,,VAR1,0,VAR2,0,VAR3,0,VAR4,0
talebi,88,ÿ»ﬁÂ,"T,M",2,VARL,564,VARW,646,VARX,,VARY,,VAR1,0,VAR2,0,VAR3,0,VAR4,0
talebi,88,ò›  «ﬁ »«·« ›—,"KT-FER,",2,VARL,568,VARW,648,VARX,,VARY,,VAR1,0,VAR2,0,VAR3,0,VAR4,0
talebi,88,ò› ò‘Ê,"KAF-K,",1,VARL,528,VARW,466,VARX,,VARY,,VAR1,0,VAR2,0,VAR3,0,VAR4,0
talebi,88,ò› ò„œÌ,"KAFK,P4",1,VARL,600,VARW,698,VARX,,VARY,,VAR1,0,VAR2,0,VAR3,0,VAR4,0
talebi,89,16„Ì· Å‘  “„Ì‰Ì,"16mmZ,",1,VARL,717,VARW,688,VARX,,VARY,,VAR1,0,VAR2,0,VAR3,0,VAR4,0
talebi,89,16„Ì· ò„œ,"16mmK,",1,VARL,1463,VARW,688,VARX,,VARY,,VAR1,0,VAR2,0,VAR3,0,VAR4,0
talebi,89,»œ‰Â çÅ-U-H,"BZL-U,E1M",1,VARL,717,VARW,198,VARX,,VARY,,VAR1,0,VAR2,0,VAR3,0,VAR4,0
talebi,89,»œ‰Â çÅ “„Ì‰Ì-U,"BZL-U,E1M",1,VARL,717,VARW,198,VARX,,VARY,,VAR1,0,VAR2,0,VAR3,0,VAR4,0
talebi,89,»œ‰Â —«” -U-H,"BZR-U-H,E1M",1,VARL,717,VARW,198,VARX,,VARY,,VAR1,0,VAR2,0,VAR3,0,VAR4,0
talebi,89,»œ‰Â —«”  “„Ì‰Ì-U,"BZR-U,E1M",1,VARL,717,VARW,198,VARX,,VARY,,VAR1,0,VAR2,0,VAR3,0,VAR4,0
talebi,89,»œ‰Â ò„œ çÅ,"BKL,E1M",1,VARL,1495,VARW,198,VARX,,VARY,,VAR1,0,VAR2,0,VAR3,0,VAR4,0
talebi,89,»œ‰Â ò„œ çÅ-H,"BKL-H,E1M",1,VARL,1495,VARW,198,VARX,,VARY,,VAR1,0,VAR2,0,VAR3,0,VAR4,0
talebi,89,»œ‰Â ò„œ —«” ,"BKR,E1M",1,VARL,1495,VARW,198,VARX,,VARY,,VAR1,0,VAR2,0,VAR3,0,VAR4,0
talebi,89,»œ‰Â ò„œ —«” -H,"BKR-H,E1M",1,VARL,1495,VARW,198,VARX,,VARY,,VAR1,0,VAR2,0,VAR3,0,VAR4,0
talebi,89, «ﬁ ò„œÌ,"TAQK,",1,VARL,688,VARW,198,VARX,,VARY,,VAR1,0,VAR2,0,VAR3,0,VAR4,0
talebi,89,œ— “„Ì‰Ì œÊ œ—,"DZ2,Q2H",2,VARL,676,VARW,354,VARX,,VARY,,VAR1,0,VAR2,0,VAR3,0,VAR4,0
talebi,89,œ— ò„œ œÊ œ—,"DAR-K,Q2H",2,VARL,1506,VARW,354,VARX,,VARY,,VAR1,0,VAR2,0,VAR3,0,VAR4,0
talebi,89,ÿ»ﬁÂ,"T,M",1,VARL,684,VARW,146,VARX,,VARY,,VAR1,0,VAR2,0,VAR3,0,VAR4,0
talebi,89,ÿ»ﬁÂ,"T,M",3,VARL,684,VARW,146,VARX,,VARY,,VAR1,0,VAR2,0,VAR3,0,VAR4,0
talebi,89,ﬁÌœ “„Ì‰Ì,"QZ,",2,VARL,688,VARW,68,VARX,,VARY,,VAR1,0,VAR2,0,VAR3,0,VAR4,0
talebi,89,ò› “„Ì‰Ì,"KZ,P4",1,VARL,720,VARW,198,VARX,,VARY,,VAR1,0,VAR2,0,VAR3,0,VAR4,0
talebi,89,ò› ò„œÌ,"KAFK,P4",1,VARL,688,VARW,198,VARX,,VARY,,VAR1,0,VAR2,0,VAR3,0,VAR4,0
talebi,90,«· ›«—”Ì>,"NA-F,L",1,VARL,758,VARW,58,VARX,62,VARY,,VAR1,0,VAR2,0,VAR3,0,VAR4,0
talebi,90,‰„« ›«—”Ì>,"0,",1,VARL,756,VARW,370,VARX,,VARY,,VAR1,0,VAR2,0,VAR3,0,VAR4,0
talebi,91,‰„« ”«œÂ,"NA-SA,",1,VARL,856,VARW,366,VARX,,VARY,,VAR1,0,VAR2,0,VAR3,0,VAR4,0
talebi,92,‰„« ”«œÂ,"NA-SA,",1,VARL,856,VARW,596,VARX,,VARY,,VAR1,0,VAR2,0,VAR3,0,VAR4,0
talebi,93,Å«ŒÊ—,"0,",1,VARL,2500,VARW,138,VARX,,VARY,,VAR1,0,VAR2,0,VAR3,0,VAR4,0
talebi,94,Å«ŒÊ—,"0,",1,VARL,930,VARW,138,VARX,,VARY,,VAR1,0,VAR2,0,VAR3,0,VAR4,0
talebi,96,‰„« “Ì—,"0,",1,VARL,1440,VARW,348,VARX,,VARY,,VAR1,0,VAR2,0,VAR3,0,VAR4,0
talebi,97,‰„« “Ì—,"0,",1,VARL,1650,VARW,348,VARX,,VARY,,VAR1,0,VAR2,0,VAR3,0,VAR4,0
talebi,99,” Ê‰ ÌÊ ›«—”Ì <,#N/A,1,VARL,850,VARW,352,VARX,,VARY,,VAR1,0,VAR2,0,VAR3,0,VAR4,0
talebi,99,” Ê‰ ÌÊ ›«—”Ì <>,#N/A,2,VARL,850,VARW,64,VARX,,VARY,,VAR1,0,VAR2,0,VAR3,0,VAR4,0
talebi,99,” Ê‰ ÌÊ ›«—”Ì >,#N/A,1,VARL,850,VARW,82,VARX,,VARY,,VAR1,0,VAR2,0,VAR3,0,VAR4,0
talebi,99,‰„« ÌÊ ›«—”Ì <>,"NA-U-<>,",1,VARL,850,VARW,734,VARX,,VARY,,VAR1,0,VAR2,0,VAR3,0,VAR4,0
talebi,100,Å«ŒÊ—,"0,",1,VARL,1350,VARW,138,VARX,,VARY,,VAR1,0,VAR2,0,VAR3,0,VAR4,0
talebi,102,Å«ŒÊ—,"0,",1,VARL,750,VARW,138,VARX,,VARY,,VAR1,0,VAR2,0,VAR3,0,VAR4,0
talebi,103,Å«ŒÊ—,"0,",1,VARL,700,VARW,138,VARX,,VARY,,VAR1,0,VAR2,0,VAR3,0,VAR4,0
talebi,104,16„Ì· Å‘  “„Ì‰Ì,"16mmZ,",1,VARL,288,VARW,568,VARX,,VARY,,VAR1,0,VAR2,0,VAR3,0,VAR4,0
talebi,104,16„Ì· Å‘  ÂÊ«ÌÌ,"16mmW,",1,VARL,1088,VARW,568,VARX,,VARY,,VAR1,0,VAR2,0,VAR3,0,VAR4,0
talebi,104,»œ‰Â çÅ »«·« ›—-H,"BFERL-UP-H,E3M",1,VARL,1120,VARW,698,VARX,,VARY,,VAR1,0,VAR2,0,VAR3,0,VAR4,0
talebi,104,»œ‰Â çÅ Å«ÌÌ‰ ›—,"BFERL-DW,E3M",1,VARL,1364,VARW,698,VARX,,VARY,,VAR1,0,VAR2,0,VAR3,0,VAR4,0
talebi,104,»œ‰Â —«”  »«·« ›—-HL,"BFERR-UP-HL,E3M",1,VARL,1120,VARW,686,VARX,,VARY,,VAR1,0,VAR2,0,VAR3,0,VAR4,0
talebi,104,»œ‰Â —«”  Å«ÌÌ‰ ›—-HL,"BFERL-DW-HL,E3M",1,VARL,1380,VARW,686,VARX,,VARY,,VAR1,0,VAR2,0,VAR3,0,VAR4,0
talebi,104,»€· ò‘Ê,"BAQKESHO,",2,VARL,500,VARW,158,VARX,,VARY,,VAR1,0,VAR2,0,VAR3,0,VAR4,0
talebi,104,Å‘  ò‘Ê,"PK,",2,VARL,528,VARW,145,VARX,,VARY,,VAR1,0,VAR2,0,VAR3,0,VAR4,0
talebi,104, «ﬁ —«”  ò„œÌ-HL,"TRK,",1,VARL,568,VARW,648,VARX,,VARY,,VAR1,0,VAR2,0,VAR3,0,VAR4,0
talebi,104,œ— ò‘Ê,"DAR-KE,",1,VARL,311,VARW,594,VARX,,VARY,,VAR1,0,VAR2,0,VAR3,0,VAR4,0
talebi,104,œ— ÂÊ«ÌÌ,"DAR-W,Q4H",1,VARL,1116,VARW,594,VARX,,VARY,,VAR1,0,VAR2,0,VAR3,0,VAR4,0
talebi,104,—Ì· ”«ç„Â «Ì,"0,",1,VARL,500,VARW,1,VARX,,VARY,,VAR1,0,VAR2,0,VAR3,0,VAR4,0
talebi,104,ÿ»ﬁÂ,"T,M",3,VARL,564,VARW,646,VARX,,VARY,,VAR1,0,VAR2,0,VAR3,0,VAR4,0
talebi,104,ﬁÌœ ÿ»ﬁÂ,"Q-T,",1,VARL,568,VARW,68,VARX,,VARY,,VAR1,0,VAR2,0,VAR3,0,VAR4,0
talebi,104,ò› çÅ ò„œÌ-HL,"KLK,",1,VARL,568,VARW,648,VARX,,VARY,,VAR1,0,VAR2,0,VAR3,0,VAR4,0
talebi,104,ò› —«”  ò„œÌ-HL-P,"KAFRZ-HL,P4",1,VARL,584,VARW,698,VARX,,VARY,,VAR1,0,VAR2,0,VAR3,0,VAR4,0
talebi,104,ò› ò‘Ê,"KAF-K,",1,VARL,528,VARW,466,VARX,,VARY,,VAR1,0,VAR2,0,VAR3,0,VAR4,0
talebi,105,16„Ì· Å‘  “„Ì‰Ì,"16mmZ,",1,VARL,717,VARW,718,VARX,,VARY,,VAR1,0,VAR2,0,VAR3,0,VAR4,0
talebi,105,16„Ì· ò„œ,"16mmK,",1,VARL,1733,VARW,718,VARX,,VARY,,VAR1,0,VAR2,0,VAR3,0,VAR4,0
talebi,105,»œ‰Â çÅ “„Ì‰Ì-U,"BZL-U,E1M",1,VARL,717,VARW,378,VARX,,VARY,,VAR1,0,VAR2,0,VAR3,0,VAR4,0
talebi,105,»œ‰Â —«” -U-H,"BZR-U-H,E1M",1,VARL,717,VARW,378,VARX,,VARY,,VAR1,0,VAR2,0,VAR3,0,VAR4,0
talebi,105,»œ‰Â ò„œ çÅ,"BKL,E1M",1,VARL,1765,VARW,378,VARX,,VARY,,VAR1,0,VAR2,0,VAR3,0,VAR4,0
talebi,105,»œ‰Â ò„œ —«” -H,"BKR-H,E1M",1,VARL,1765,VARW,378,VARX,,VARY,,VAR1,0,VAR2,0,VAR3,0,VAR4,0
talebi,105, «ﬁ ò„œÌ,"TAQK,",1,VARL,718,VARW,378,VARX,,VARY,,VAR1,0,VAR2,0,VAR3,0,VAR4,0
talebi,105,œ— “„Ì‰Ì œÊ œ—,"DZ2,Q2H",2,VARL,676,VARW,369,VARX,,VARY,,VAR1,0,VAR2,0,VAR3,0,VAR4,0
talebi,105,œ— ò„œ œÊ œ—,"DAR-K,Q2H",2,VARL,1776,VARW,369,VARX,,VARY,,VAR1,0,VAR2,0,VAR3,0,VAR4,0
talebi,105,ÿ»ﬁÂ,"T,M",1,VARL,714,VARW,326,VARX,,VARY,,VAR1,0,VAR2,0,VAR3,0,VAR4,0
talebi,105,ÿ»ﬁÂ,"T,M",3,VARL,714,VARW,326,VARX,,VARY,,VAR1,0,VAR2,0,VAR3,0,VAR4,0
talebi,105,ﬁÌœ “„Ì‰Ì,"QZ,",2,VARL,718,VARW,68,VARX,,VARY,,VAR1,0,VAR2,0,VAR3,0,VAR4,0
talebi,105,ò› “„Ì‰Ì,"KZ,P4",1,VARL,750,VARW,378,VARX,,VARY,,VAR1,0,VAR2,0,VAR3,0,VAR4,0
talebi,105,ò› ò„œÌ,"KAFK,P4",1,VARL,718,VARW,378,VARX,,VARY,,VAR1,0,VAR2,0,VAR3,0,VAR4,0
talebi,106,‰„« ”«œÂ,"NA-SA,",1,VARL,2630,VARW,416,VARX,,VARY,,VAR1,0,VAR2,0,VAR3,0,VAR4,0
talebi,107,‰„« ”«œÂ,"NA-SA,",1,VARL,2630,VARW,496,VARX,,VARY,,VAR1,0,VAR2,0,VAR3,0,VAR4,0
talebi,108,«· ›«—”Ì>,"NA-F,L",1,VARL,2632,VARW,98,VARX,102,VARY,,VAR1,0,VAR2,0,VAR3,0,VAR4,0
talebi,108,‰„« «· ›«—”Ì>,#N/A,1,VARL,2630,VARW,500,VARX,,VARY,,VAR1,0,VAR2,0,VAR3,0,VAR4,0
talebi,109,16„Ì· Å‘  “„Ì‰Ì,"16mmZ,",1,VARL,717,VARW,668,VARX,,VARY,,VAR1,0,VAR2,0,VAR3,0,VAR4,0
talebi,109,16„Ì· ò„œ,"16mmK,",1,VARL,1733,VARW,668,VARX,,VARY,,VAR1,0,VAR2,0,VAR3,0,VAR4,0
talebi,109,»œ‰Â çÅ “„Ì‰Ì-U,"BZL-U,E1M",1,VARL,717,VARW,298,VARX,,VARY,,VAR1,0,VAR2,0,VAR3,0,VAR4,0
talebi,109,»œ‰Â —«” -U-H,"BZR-U-H,E1M",1,VARL,717,VARW,298,VARX,,VARY,,VAR1,0,VAR2,0,VAR3,0,VAR4,0
talebi,109,»œ‰Â ò„œ çÅ,"BKL,E1M",1,VARL,1765,VARW,298,VARX,,VARY,,VAR1,0,VAR2,0,VAR3,0,VAR4,0
talebi,109,»œ‰Â ò„œ —«” -H,"BKR-H,E1M",1,VARL,1765,VARW,298,VARX,,VARY,,VAR1,0,VAR2,0,VAR3,0,VAR4,0
talebi,109, «ﬁ ò„œÌ,"TAQK,",1,VARL,668,VARW,298,VARX,,VARY,,VAR1,0,VAR2,0,VAR3,0,VAR4,0
talebi,109,œ— “„Ì‰Ì œÊ œ—,"DZ2,Q2H",2,VARL,676,VARW,344,VARX,,VARY,,VAR1,0,VAR2,0,VAR3,0,VAR4,0
talebi,109,œ— ò„œ œÊ œ—,"DAR-K,Q2H",2,VARL,1776,VARW,344,VARX,,VARY,,VAR1,0,VAR2,0,VAR3,0,VAR4,0
talebi,109,ÿ»ﬁÂ,"T,M",1,VARL,664,VARW,246,VARX,,VARY,,VAR1,0,VAR2,0,VAR3,0,VAR4,0
talebi,109,ÿ»ﬁÂ,"T,M",3,VARL,664,VARW,246,VARX,,VARY,,VAR1,0,VAR2,0,VAR3,0,VAR4,0
talebi,109,ﬁÌœ “„Ì‰Ì,"QZ,",2,VARL,668,VARW,68,VARX,,VARY,,VAR1,0,VAR2,0,VAR3,0,VAR4,0
talebi,109,ò› “„Ì‰Ì,"KZ,P4",1,VARL,700,VARW,298,VARX,,VARY,,VAR1,0,VAR2,0,VAR3,0,VAR4,0
talebi,109,ò› ò„œÌ,"KAFK,P4",1,VARL,668,VARW,298,VARX,,VARY,,VAR1,0,VAR2,0,VAR3,0,VAR4,0
talebi,110,‰„« ”«œÂ,"NA-SA,",1,VARL,2636,VARW,96,VARX,,VARY,,VAR1,0,VAR2,0,VAR3,0,VAR4,0
talebi,111,16„Ì· Å‘  “„Ì‰Ì,"16mmZ,",1,VARL,717,VARW,398,VARX,,VARY,,VAR1,0,VAR2,0,VAR3,0,VAR4,0
talebi,111,16„Ì· ò„œ,"16mmK,",1,VARL,1153,VARW,398,VARX,,VARY,,VAR1,0,VAR2,0,VAR3,0,VAR4,0
talebi,111,»œ‰Â çÅ-U-H,"BZL-U,E1M",1,VARL,717,VARW,448,VARX,,VARY,,VAR1,0,VAR2,0,VAR3,0,VAR4,0
talebi,111,»œ‰Â —«”  “„Ì‰Ì-U,"BZR-U,E1M",1,VARL,717,VARW,448,VARX,,VARY,,VAR1,0,VAR2,0,VAR3,0,VAR4,0
talebi,111,»œ‰Â ò„œ çÅ-H,"BKL-H,E1M",1,VARL,1185,VARW,448,VARX,,VARY,,VAR1,0,VAR2,0,VAR3,0,VAR4,0
talebi,111,»œ‰Â ò„œ —«” ,"BKR,E1M",1,VARL,1185,VARW,448,VARX,,VARY,,VAR1,0,VAR2,0,VAR3,0,VAR4,0
talebi,111, «ﬁ ò„œÌ,"TAQK,",1,VARL,398,VARW,448,VARX,,VARY,,VAR1,0,VAR2,0,VAR3,0,VAR4,0
talebi,111,œ— “„Ì‰Ì,"DAR-Z,Q2H",1,VARL,676,VARW,424,VARX,,VARY,,VAR1,0,VAR2,0,VAR3,0,VAR4,0
talebi,111,œ— ò„œ,"DAR-K,Q2H",1,VARL,1196,VARW,424,VARX,,VARY,,VAR1,0,VAR2,0,VAR3,0,VAR4,0
talebi,111,ÿ»ﬁÂ,"T,M",1,VARL,394,VARW,396,VARX,,VARY,,VAR1,0,VAR2,0,VAR3,0,VAR4,0
talebi,111,ÿ»ﬁÂ »«·«,"T-UP,",3,VARL,394,VARW,396,VARX,,VARY,,VAR1,0,VAR2,0,VAR3,0,VAR4,0
talebi,111,ﬁÌœ “„Ì‰Ì,"QZ,",2,VARL,398,VARW,68,VARX,,VARY,,VAR1,0,VAR2,0,VAR3,0,VAR4,0
talebi,111,ò› “„Ì‰Ì,"KZ,P4",1,VARL,430,VARW,448,VARX,,VARY,,VAR1,0,VAR2,0,VAR3,0,VAR4,0
talebi,111,ò› ò„œÌ,"KAFK,P4",1,VARL,398,VARW,448,VARX,,VARY,,VAR1,0,VAR2,0,VAR3,0,VAR4,0
talebi,112,16„Ì· Å‘  ÂÊ«ÌÌ,"16mmW,",1,VARL,178,VARW,918,VARX,,VARY,,VAR1,0,VAR2,0,VAR3,0,VAR4,0
talebi,112,»œ‰Â  —«”  ÌŒç«·,"BYR,",1,VARL,206,VARW,698,VARX,,VARY,,VAR1,0,VAR2,0,VAR3,0,VAR4,0
talebi,112,»œ‰Â çÅ ÌŒç«·,"BYL,",1,VARL,206,VARW,698,VARX,,VARY,,VAR1,0,VAR2,0,VAR3,0,VAR4,0
talebi,112, «ﬁ »«·« ÌŒç«·,"TY,0",1,VARL,918,VARW,498,VARX,,VARY,,VAR1,0,VAR2,0,VAR3,0,VAR4,0
talebi,112,œ— ÃòÌ,"DAR-J,Q2H",1,VARL,204,VARW,944,VARX,,VARY,,VAR1,0,VAR2,0,VAR3,0,VAR4,0
talebi,112,ò› »«·« ÌŒç«·,"KY,0",1,VARL,918,VARW,498,VARX,,VARY,,VAR1,0,VAR2,0,VAR3,0,VAR4,0
talebi,113,«· ›«—”Ì>,"NA-F,L",1,VARL,2052,VARW,58,VARX,62,VARY,,VAR1,0,VAR2,0,VAR3,0,VAR4,0
talebi,113,‰„« «· ›«—”Ì>,#N/A,1,VARL,2050,VARW,150,VARX,,VARY,,VAR1,0,VAR2,0,VAR3,0,VAR4,0
talebi,114,«· ›«—”Ì>,"NA-F,L",1,VARL,2052,VARW,58,VARX,62,VARY,,VAR1,0,VAR2,0,VAR3,0,VAR4,0
talebi,114,‰„« ›«—”Ì>,"0,",1,VARL,2050,VARW,150,VARX,,VARY,,VAR1,0,VAR2,0,VAR3,0,VAR4,0
talebi,115,Å«ŒÊ—,"0,",1,VARL,430,VARW,138,VARX,,VARY,,VAR1,0,VAR2,0,VAR3,0,VAR4,0
talebi,116,16„Ì· Å‘  “„Ì‰Ì,"16mmZ,",1,VARL,702,VARW,868,VARX,,VARY,,VAR1,0,VAR2,0,VAR3,0,VAR4,0
talebi,116,»œ‰Â çÅ-L-H,"BZL-LF,E1M",1,VARL,702,VARW,398,VARX,,VARY,,VAR1,0,VAR2,0,VAR3,0,VAR4,0
talebi,116,»œ‰Â —«” -L-H,"BZR-LF,E1M",1,VARL,702,VARW,398,VARX,,VARY,,VAR1,0,VAR2,0,VAR3,0,VAR4,0
talebi,116,œ— “„Ì‰Ì œÊ œ—,"DZ2,Q2H",2,VARL,676,VARW,444,VARX,,VARY,,VAR1,0,VAR2,0,VAR3,0,VAR4,0
talebi,116,œ” êÌ—Â L,"0,",1,VARL,900,VARW,85,VARX,,VARY,,VAR1,0,VAR2,0,VAR3,0,VAR4,0
talebi,116,ÿ»ﬁÂ,"T,M",1,VARL,864,VARW,346,VARX,,VARY,,VAR1,0,VAR2,0,VAR3,0,VAR4,0
talebi,116,ﬁÌœ “„Ì‰Ì,"QZ,",2,VARL,868,VARW,68,VARX,,VARY,,VAR1,0,VAR2,0,VAR3,0,VAR4,0
talebi,116,ò› “„Ì‰Ì,"KZ,P6",1,VARL,900,VARW,398,VARX,,VARY,,VAR1,0,VAR2,0,VAR3,0,VAR4,0
talebi,117,16„Ì· Å‘  “„Ì‰Ì,"16mmZ,",1,VARL,702,VARW,418,VARX,,VARY,,VAR1,0,VAR2,0,VAR3,0,VAR4,0
talebi,117,»œ‰Â çÅ “„Ì‰Ì-L,"BZL-LF,E1M",1,VARL,702,VARW,398,VARX,,VARY,,VAR1,0,VAR2,0,VAR3,0,VAR4,0
talebi,117,»œ‰Â —«” -L-H,"BZR-LF,E1M",1,VARL,702,VARW,398,VARX,,VARY,,VAR1,0,VAR2,0,VAR3,0,VAR4,0
talebi,117,œ— “„Ì‰Ì,"DAR-Z,Q2H",1,VARL,676,VARW,444,VARX,,VARY,,VAR1,0,VAR2,0,VAR3,0,VAR4,0
talebi,117,œ” êÌ—Â L,"0,",1,VARL,450,VARW,85,VARX,,VARY,,VAR1,0,VAR2,0,VAR3,0,VAR4,0
talebi,117,ÿ»ﬁÂ,"T,M",1,VARL,414,VARW,346,VARX,,VARY,,VAR1,0,VAR2,0,VAR3,0,VAR4,0
talebi,117,ﬁÌœ “„Ì‰Ì,"QZ,",2,VARL,418,VARW,68,VARX,,VARY,,VAR1,0,VAR2,0,VAR3,0,VAR4,0
talebi,117,ò› “„Ì‰Ì,"KZ,P4",1,VARL,450,VARW,398,VARX,,VARY,,VAR1,0,VAR2,0,VAR3,0,VAR4,0
talebi,118,‰„« ÌÊ ›«—”Ì <,"NA-U->,",1,VARL,850,VARW,60,VARX,,VARY,,VAR1,0,VAR2,0,VAR3,0,VAR4,0
talebi,118,‰„« ÌÊ ›«—”Ì <>,"NA-U-<>,",1,VARL,850,VARW,734,VARX,,VARY,,VAR1,0,VAR2,0,VAR3,0,VAR4,0
talebi,118,‰„« ÌÊ ›«—”Ì ”«œÂ >,#N/A,1,VARL,850,VARW,60,VARX,,VARY,,VAR1,0,VAR2,0,VAR3,0,VAR4,0
talebi,119,‰„« ”«œÂ,"NA-SA,",1,VARL,850,VARW,1346,VARX,,VARY,,VAR1,0,VAR2,0,VAR3,0,VAR4,0
talebi,120,16„Ì· Å‘  ÂÊ«ÌÌ,"16mmW,",1,VARL,968,VARW,368,VARX,,VARY,,VAR1,0,VAR2,0,VAR3,0,VAR4,0
talebi,120,»œ‰Â çÅ ÂÊ«ÌÌ,"BWL,E2M",1,VARL,996,VARW,348,VARX,,VARY,,VAR1,0,VAR2,0,VAR3,0,VAR4,0
talebi,120,»œ‰Â —«”  ÂÊ«ÌÌ-H,"BWR-H,E2M",1,VARL,996,VARW,348,VARX,,VARY,,VAR1,0,VAR2,0,VAR3,0,VAR4,0
talebi,120, «ﬁ ÂÊ«ÌÌ,"TW,",1,VARL,368,VARW,348,VARX,,VARY,,VAR1,0,VAR2,0,VAR3,0,VAR4,0
talebi,120,œ— ÂÊ«ÌÌ,"DAR-W,Q3H",1,VARL,1026,VARW,394,VARX,,VARY,,VAR1,0,VAR2,0,VAR3,0,VAR4,0
talebi,120,ÿ»ﬁÂ,"T,M",2,VARL,364,VARW,296,VARX,,VARY,,VAR1,0,VAR2,0,VAR3,0,VAR4,0
talebi,120,ò› ÂÊ«ÌÌ,"KW,",1,VARL,368,VARW,348,VARX,,VARY,,VAR1,0,VAR2,0,VAR3,0,VAR4,0
talebi,121,16„Ì· Å‘  ÂÊ«ÌÌ,"16mmW,",1,VARL,968,VARW,818,VARX,,VARY,,VAR1,0,VAR2,0,VAR3,0,VAR4,0
talebi,121,»œ‰Â çÅ ÂÊ«ÌÌ-H,"BWL-H,E2M",1,VARL,996,VARW,348,VARX,,VARY,,VAR1,0,VAR2,0,VAR3,0,VAR4,0
talebi,121,»œ‰Â —«”  ÂÊ«ÌÌ-H,"BWR-H,E2M",1,VARL,996,VARW,348,VARX,,VARY,,VAR1,0,VAR2,0,VAR3,0,VAR4,0
talebi,121, «ﬁ ÂÊ«ÌÌ,"TW,",1,VARL,818,VARW,348,VARX,,VARY,,VAR1,0,VAR2,0,VAR3,0,VAR4,0
talebi,121,œ— ÂÊ«ÌÌ œÊ œ—,"DAR-W2,Q3H",2,VARL,1026,VARW,419,VARX,,VARY,,VAR1,0,VAR2,0,VAR3,0,VAR4,0
talebi,121,ÿ»ﬁÂ,"T,M",2,VARL,814,VARW,296,VARX,,VARY,,VAR1,0,VAR2,0,VAR3,0,VAR4,0
talebi,121,ò› ÂÊ«ÌÌ,"KW,",1,VARL,818,VARW,348,VARX,,VARY,,VAR1,0,VAR2,0,VAR3,0,VAR4,0
talebi,122,16„Ì· Å‘  ÂÊ«ÌÌ,"16mmW,",1,VARL,968,VARW,368,VARX,,VARY,,VAR1,0,VAR2,0,VAR3,0,VAR4,0
talebi,122,»œ‰Â çÅ ÂÊ«ÌÌ-H,"BWL-H,E2M",1,VARL,996,VARW,348,VARX,,VARY,,VAR1,0,VAR2,0,VAR3,0,VAR4,0
talebi,122,»œ‰Â —«”  ÂÊ«ÌÌ,"BWR,E2M",1,VARL,996,VARW,348,VARX,,VARY,,VAR1,0,VAR2,0,VAR3,0,VAR4,0
talebi,122, «ﬁ ÂÊ«ÌÌ,"TW,",1,VARL,368,VARW,348,VARX,,VARY,,VAR1,0,VAR2,0,VAR3,0,VAR4,0
talebi,122,œ— ÂÊ«ÌÌ,"DAR-W,Q3H",1,VARL,1026,VARW,394,VARX,,VARY,,VAR1,0,VAR2,0,VAR3,0,VAR4,0
talebi,122,ÿ»ﬁÂ,"T,M",2,VARL,364,VARW,296,VARX,,VARY,,VAR1,0,VAR2,0,VAR3,0,VAR4,0
talebi,122,ò› ÂÊ«ÌÌ,"KW,",1,VARL,368,VARW,348,VARX,,VARY,,VAR1,0,VAR2,0,VAR3,0,VAR4,0
talebi,123,16„Ì· Å‘  ÂÊ«ÌÌ,"16mmW,",1,VARL,1068,VARW,928,VARX,,VARY,,VAR1,0,VAR2,0,VAR3,0,VAR4,0
talebi,123,»œ‰Â çÅ ÂÊ«ÌÌ-H,"BWL-H,E2S",1,VARL,1096,VARW,348,VARX,,VARY,,VAR1,0,VAR2,0,VAR3,0,VAR4,0
talebi,123,»œ‰Â —«”  ÂÊ«ÌÌ-H,"BWR-H,E2S",1,VARL,1096,VARW,348,VARX,,VARY,,VAR1,0,VAR2,0,VAR3,0,VAR4,0
talebi,123, «ﬁ ÂÊ«ÌÌ,"TW,",1,VARL,928,VARW,348,VARX,,VARY,,VAR1,0,VAR2,0,VAR3,0,VAR4,0
talebi,123,œ— ÂÊ«ÌÌ œÊ œ—,"DAR-W2,Q3H",2,VARL,1126,VARW,474,VARX,,VARY,,VAR1,0,VAR2,0,VAR3,0,VAR4,0
talebi,123,ÿ»ﬁÂ,"T,S",2,VARL,924,VARW,296,VARX,,VARY,,VAR1,0,VAR2,0,VAR3,0,VAR4,0
talebi,123,ò› ÂÊ«ÌÌ,"KW,",1,VARL,928,VARW,348,VARX,,VARY,,VAR1,0,VAR2,0,VAR3,0,VAR4,0
talebi,124,16„Ì· Å‘  ÂÊ«ÌÌ,"16mmW,",1,VARL,1068,VARW,448,VARX,,VARY,,VAR1,0,VAR2,0,VAR3,0,VAR4,0
talebi,124,»œ‰Â çÅ ÂÊ«ÌÌ-H,"BWL-H,E2M",1,VARL,1096,VARW,348,VARX,,VARY,,VAR1,0,VAR2,0,VAR3,0,VAR4,0
talebi,124,»œ‰Â —«”  ÂÊ«ÌÌ,"BWR,E2M",1,VARL,1096,VARW,348,VARX,,VARY,,VAR1,0,VAR2,0,VAR3,0,VAR4,0
talebi,124, «ﬁ ÂÊ«ÌÌ,"TW,",1,VARL,448,VARW,348,VARX,,VARY,,VAR1,0,VAR2,0,VAR3,0,VAR4,0
talebi,124,œ— ÂÊ«ÌÌ,"DAR-W,Q3H",1,VARL,1126,VARW,474,VARX,,VARY,,VAR1,0,VAR2,0,VAR3,0,VAR4,0
talebi,124,ÿ»ﬁÂ,"T,M",2,VARL,444,VARW,296,VARX,,VARY,,VAR1,0,VAR2,0,VAR3,0,VAR4,0
talebi,124,ò› ÂÊ«ÌÌ,"KW,",1,VARL,448,VARW,348,VARX,,VARY,,VAR1,0,VAR2,0,VAR3,0,VAR4,0
talebi,125,‰„« ”«œÂ,"NA-SA,",1,VARL,1126,VARW,366,VARX,,VARY,,VAR1,0,VAR2,0,VAR3,0,VAR4,0
talebi,126,‰„« ”«œÂ,"NA-SA,",1,VARL,2630,VARW,716,VARX,,VARY,,VAR1,0,VAR2,0,VAR3,0,VAR4,0
talebi,127,‰„« ”«œÂ,"NA-SA,",1,VARL,1126,VARW,366,VARX,,VARY,,VAR1,0,VAR2,0,VAR3,0,VAR4,0
talebi,128,‰„« ”«œÂ,"NA-SA,",1,VARL,2630,VARW,196,VARX,,VARY,,VAR1,0,VAR2,0,VAR3,0,VAR4,0
talebi,129,16„Ì· Å‘  “„Ì‰Ì,"16mmZ,",1,VARL,702,VARW,268,VARX,,VARY,,VAR1,0,VAR2,0,VAR3,0,VAR4,0
talebi,129,»œ‰Â çÅ “„Ì‰Ì-L,"BZL-LF,E1M",1,VARL,702,VARW,578,VARX,,VARY,,VAR1,0,VAR2,0,VAR3,0,VAR4,0
talebi,129,»œ‰Â —«” -L-H,"BZR-LF,E1M",1,VARL,702,VARW,578,VARX,,VARY,,VAR1,0,VAR2,0,VAR3,0,VAR4,0
talebi,129,œ— “„Ì‰Ì,"DAR-Z,Q2H",1,VARL,676,VARW,294,VARX,,VARY,,VAR1,0,VAR2,0,VAR3,0,VAR4,0
talebi,129,œ” êÌ—Â L,"0,",1,VARL,300,VARW,85,VARX,,VARY,,VAR1,0,VAR2,0,VAR3,0,VAR4,0
talebi,129,ÿ»ﬁÂ,"T,M",1,VARL,264,VARW,526,VARX,,VARY,,VAR1,0,VAR2,0,VAR3,0,VAR4,0
talebi,129,ﬁÌœ “„Ì‰Ì,"QZ,",2,VARL,268,VARW,68,VARX,,VARY,,VAR1,0,VAR2,0,VAR3,0,VAR4,0
talebi,129,ò› “„Ì‰Ì,"KZ,P4",1,VARL,300,VARW,578,VARX,,VARY,,VAR1,0,VAR2,0,VAR3,0,VAR4,0
talebi,130,16„Ì· ò„œ,"16mmK,",1,VARL,2468,VARW,268,VARX,,VARY,,VAR1,0,VAR2,0,VAR3,0,VAR4,0
talebi,130,»œ‰Â ò„œ çÅ-HL,"BKL-HL,E5M",1,VARL,2500,VARW,686,VARX,,VARY,,VAR1,0,VAR2,0,VAR3,0,VAR4,0
talebi,130,»œ‰Â ò„œ —«” -H,"BKR-H,E5M",1,VARL,2484,VARW,698,VARX,,VARY,,VAR1,0,VAR2,0,VAR3,0,VAR4,0
talebi,130, «ﬁ ò„œÌ-HL,"TAGHK-HL,",1,VARL,268,VARW,698,VARX,,VARY,,VAR1,0,VAR2,0,VAR3,0,VAR4,0
talebi,130,œ— ò„œ,"DAR-K,Q6H",1,VARL,2494,VARW,294,VARX,,VARY,,VAR1,0,VAR2,0,VAR3,0,VAR4,0
talebi,130,ÿ»ﬁÂ,"T,M",5,VARL,264,VARW,646,VARX,,VARY,,VAR1,0,VAR2,0,VAR3,0,VAR4,0
talebi,130,ò› —«”  ò„œÌ-HL-P,"KAFRZ-HL,P4",1,VARL,284,VARW,698,VARX,,VARY,,VAR1,0,VAR2,0,VAR3,0,VAR4,0
talebi,131,16„Ì· Å‘  “„Ì‰Ì,"16mmZ,",1,VARL,702,VARW,268,VARX,,VARY,,VAR1,0,VAR2,0,VAR3,0,VAR4,0
talebi,131,»œ‰Â çÅ-L-H,"BZL-LF,E1M",1,VARL,702,VARW,578,VARX,,VARY,,VAR1,0,VAR2,0,VAR3,0,VAR4,0
talebi,131,»œ‰Â —«”  “„Ì‰Ì-L,"BZR-LF,E1M",1,VARL,702,VARW,578,VARX,,VARY,,VAR1,0,VAR2,0,VAR3,0,VAR4,0
talebi,131,œ— “„Ì‰Ì,"DAR-Z,Q2H",1,VARL,676,VARW,294,VARX,,VARY,,VAR1,0,VAR2,0,VAR3,0,VAR4,0
talebi,131,œ” êÌ—Â L,"0,",1,VARL,300,VARW,85,VARX,,VARY,,VAR1,0,VAR2,0,VAR3,0,VAR4,0
talebi,131,ÿ»ﬁÂ,"T,M",1,VARL,264,VARW,526,VARX,,VARY,,VAR1,0,VAR2,0,VAR3,0,VAR4,0
talebi,131,ﬁÌœ “„Ì‰Ì,"QZ,",2,VARL,268,VARW,68,VARX,,VARY,,VAR1,0,VAR2,0,VAR3,0,VAR4,0
talebi,131,ò› “„Ì‰Ì,"KZ,P4",1,VARL,300,VARW,578,VARX,,VARY,,VAR1,0,VAR2,0,VAR3,0,VAR4,0
talebi,132,»œ‰Â çÅ ”Ì‰ò-L,"BSL-LF,",1,VARL,702,VARW,578,VARX,,VARY,,VAR1,0,VAR2,0,VAR3,0,VAR4,0
talebi,132,»œ‰Â —«”  ”Ì‰ò-L,"BSR-LF,",1,VARL,702,VARW,578,VARX,,VARY,,VAR1,0,VAR2,0,VAR3,0,VAR4,0
talebi,132,Å‘  ”Ì‰ò,"P-SINK,",1,VARL,78,VARW,968,VARX,,VARY,,VAR1,0,VAR2,0,VAR3,0,VAR4,0
talebi,132,œ— “„Ì‰Ì œÊ œ—,"DZ2,Q2H",2,VARL,676,VARW,494,VARX,,VARY,,VAR1,0,VAR2,0,VAR3,0,VAR4,0
talebi,132,œ” êÌ—Â L,"0,",1,VARL,1000,VARW,85,VARX,,VARY,,VAR1,0,VAR2,0,VAR3,0,VAR4,0
talebi,132,ﬁÌœ ”Ì‰ò,"Q-SINK,",2,VARL,968,VARW,68,VARX,,VARY,,VAR1,0,VAR2,0,VAR3,0,VAR4,0
talebi,132,ò› ”Ì‰ò,"K-SINK,P6",1,VARL,1000,VARW,508,VARX,,VARY,,VAR1,0,VAR2,0,VAR3,0,VAR4,0
talebi,133,16„Ì· Å‘  “„Ì‰Ì,"16mmZ,",1,VARL,702,VARW,868,VARX,,VARY,,VAR1,0,VAR2,0,VAR3,0,VAR4,0
talebi,133,»œ‰Â çÅ ò‘Ê-LU,"BZKL-LUF,",1,VARL,702,VARW,578,VARX,,VARY,,VAR1,0,VAR2,0,VAR3,0,VAR4,0
talebi,133,»œ‰Â —«”  ò‘Ê-LU,"BZKR-LUF,",1,VARL,702,VARW,578,VARX,,VARY,,VAR1,0,VAR2,0,VAR3,0,VAR4,0
talebi,133,»€· ò‘Ê,"BAQKESHO,",2,VARL,500,VARW,83,VARX,,VARY,,VAR1,0,VAR2,0,VAR3,0,VAR4,0
talebi,133,»€· ò‘Ê,"BAQKESHO,",2,VARL,500,VARW,118,VARX,,VARY,,VAR1,0,VAR2,0,VAR3,0,VAR4,0
talebi,133,»€· ò‘Ê,"BAQKESHO,",2,VARL,500,VARW,198,VARX,,VARY,,VAR1,0,VAR2,0,VAR3,0,VAR4,0
talebi,133,Å‘  ò‘Ê,"PK,",2,VARL,828,VARW,70,VARX,,VARY,,VAR1,0,VAR2,0,VAR3,0,VAR4,0
talebi,133,Å‘  ò‘Ê,"PK,",2,VARL,828,VARW,105,VARX,,VARY,,VAR1,0,VAR2,0,VAR3,0,VAR4,0
talebi,133,Å‘  ò‘Ê,"PK,",2,VARL,828,VARW,185,VARX,,VARY,,VAR1,0,VAR2,0,VAR3,0,VAR4,0
talebi,133,œ— ò‘Ê,"DAR-KE,",1,VARL,155,VARW,894,VARX,,VARY,,VAR1,0,VAR2,0,VAR3,0,VAR4,0
talebi,133,œ— ò‘Ê,"DAR-KE,",1,VARL,155,VARW,894,VARX,,VARY,,VAR1,0,VAR2,0,VAR3,0,VAR4,0
talebi,133,œ— ò‘Ê »·Ê„,"DAR-KB,",1,VARL,316,VARW,894,VARX,,VARY,,VAR1,0,VAR2,0,VAR3,0,VAR4,0
talebi,133,œ” êÌ—Â L,"0,",1,VARL,900,VARW,85,VARX,,VARY,,VAR1,0,VAR2,0,VAR3,0,VAR4,0
talebi,133,œ” êÌ—Â U,"0,",1,VARL,900,VARW,85,VARX,,VARY,,VAR1,0,VAR2,0,VAR3,0,VAR4,0
talebi,133,ﬁÌœ “„Ì‰Ì,"QZ,",2,VARL,868,VARW,68,VARX,,VARY,,VAR1,0,VAR2,0,VAR3,0,VAR4,0
talebi,133,ò› “„Ì‰Ì,"KZ,P6",1,VARL,900,VARW,578,VARX,,VARY,,VAR1,0,VAR2,0,VAR3,0,VAR4,0
talebi,133,ò› ò‘Ê,"KAF-K,",1,VARL,828,VARW,466,VARX,,VARY,,VAR1,0,VAR2,0,VAR3,0,VAR4,0
talebi,133,ò› ò‘Ê,"KAF-K,",1,VARL,828,VARW,466,VARX,,VARY,,VAR1,0,VAR2,0,VAR3,0,VAR4,0
talebi,133,ò› ò‘Ê,"KAF-K,",1,VARL,828,VARW,466,VARX,,VARY,,VAR1,0,VAR2,0,VAR3,0,VAR4,0
talebi,134,‰„« ”«œÂ,"NA-SA,",1,VARL,856,VARW,596,VARX,,VARY,,VAR1,0,VAR2,0,VAR3,0,VAR4,0
talebi,135,Å«ŒÊ—,"0,",1,VARL,930,VARW,138,VARX,,VARY,,VAR1,0,VAR2,0,VAR3,0,VAR4,0
talebi,137,Å«ŒÊ—,"0,",1,VARL,200,VARW,138,VARX,,VARY,,VAR1,0,VAR2,0,VAR3,0,VAR4,0
talebi,138,” Ê‰ ÌÊ ›«—”Ì <,#N/A,1,VARL,850,VARW,352,VARX,,VARY,,VAR1,0,VAR2,0,VAR3,0,VAR4,0
talebi,138,” Ê‰ ÌÊ ›«—”Ì <>,#N/A,2,VARL,850,VARW,64,VARX,,VARY,,VAR1,0,VAR2,0,VAR3,0,VAR4,0
talebi,138,” Ê‰ ÌÊ ›«—”Ì >,#N/A,1,VARL,850,VARW,82,VARX,,VARY,,VAR1,0,VAR2,0,VAR3,0,VAR4,0
talebi,138,‰„« ÌÊ ›«—”Ì <>,"NA-U-<>,",1,VARL,850,VARW,734,VARX,,VARY,,VAR1,0,VAR2,0,VAR3,0,VAR4,0
talebi,139,Å«ŒÊ—,"0,",1,VARL,1500,VARW,138,VARX,,VARY,,VAR1,0,VAR2,0,VAR3,0,VAR4,0
talebi,141,‰„« “Ì—,"0,",1,VARL,1680,VARW,348,VARX,,VARY,,VAR1,0,VAR2,0,VAR3,0,VAR4,0
talebi,142,‰„« “Ì—,"0,",1,VARL,1600,VARW,348,VARX,,VARY,,VAR1,0,VAR2,0,VAR3,0,VAR4,0
talebi,143,Å«ŒÊ—,"0,",1,VARL,700,VARW,138,VARX,,VARY,,VAR1,0,VAR2,0,VAR3,0,VAR4,0
talebi,144,‰„« ”«œÂ,"NA-SA,",1,VARL,2640,VARW,416,VARX,,VARY,,VAR1,0,VAR2,0,VAR3,0,VAR4,0
talebi,145,‰„« ”«œÂ,"NA-SA,",1,VARL,2640,VARW,511,VARX,,VARY,,VAR1,0,VAR2,0,VAR3,0,VAR4,0
talebi,146,«· ›«—”Ì>,"NA-F,L",1,VARL,2642,VARW,98,VARX,102,VARY,,VAR1,0,VAR2,0,VAR3,0,VAR4,0
talebi,146,‰„« ›«—”Ì>,"0,",1,VARL,2640,VARW,515,VARX,,VARY,,VAR1,0,VAR2,0,VAR3,0,VAR4,0
talebi,147,‰„« ”«œÂ,"NA-SA,",1,VARL,2640,VARW,96,VARX,,VARY,,VAR1,0,VAR2,0,VAR3,0,VAR4,0
talebi,148,‰„« ”«œÂ,"NA-SA,",1,VARL,1126,VARW,366,VARX,,VARY,,VAR1,0,VAR2,0,VAR3,0,VAR4,0
talebi,149,‰„« ”«œÂ,"NA-SA,",1,VARL,1125,VARW,366,VARX,,VARY,,VAR1,0,VAR2,0,VAR3,0,VAR4,0
talebi,150,Å«ŒÊ—,"0,",1,VARL,2380,VARW,138,VARX,,VARY,,VAR1,0,VAR2,0,VAR3,0,VAR4,0
talebi,151,Å«ŒÊ—,"0,",1,VARL,300,VARW,138,VARX,,VARY,,VAR1,0,VAR2,0,VAR3,0,VAR4,0
talebi,152,Å«ŒÊ—,"0,",1,VARL,680,VARW,138,VARX,,VARY,,VAR1,0,VAR2,0,VAR3,0,VAR4,0
talebi,153,‰„« ”«œÂ,"NA-SA,",1,VARL,856,VARW,1496,VARX,,VARY,,VAR1,0,VAR2,0,VAR3,0,VAR4,0
talebi,154,‰„« ÌÊ ›«—”Ì <,"NA-U->,",1,VARL,856,VARW,60,VARX,,VARY,,VAR1,0,VAR2,0,VAR3,0,VAR4,0
talebi,154,‰„« ÌÊ ›«—”Ì <>,"NA-U-<>,",1,VARL,856,VARW,734,VARX,,VARY,,VAR1,0,VAR2,0,VAR3,0,VAR4,0
talebi,154,‰„« ÌÊ ›«—”Ì ”«œÂ >,#N/A,1,VARL,856,VARW,60,VARX,,VARY,,VAR1,0,VAR2,0,VAR3,0,VAR4,0
talebi,155,«· ›«—”Ì>,"NA-F,L",1,VARL,2432,VARW,58,VARX,62,VARY,,VAR1,0,VAR2,0,VAR3,0,VAR4,0
talebi,155,‰„« ›«—”Ì>,"0,",1,VARL,2430,VARW,150,VARX,,VARY,,VAR1,0,VAR2,0,VAR3,0,VAR4,0
talebi,156,«· ›«—”Ì>,"NA-F,L",1,VARL,2432,VARW,58,VARX,62,VARY,,VAR1,0,VAR2,0,VAR3,0,VAR4,0
talebi,156,‰„« ›«—”Ì>,"0,",1,VARL,2430,VARW,100,VARX,,VARY,,VAR1,0,VAR2,0,VAR3,0,VAR4,0
talebi,157,‰„« ”«œÂ,"NA-SA,",1,VARL,2640,VARW,196,VARX,,VARY,,VAR1,0,VAR2,0,VAR3,0,VAR4,0
talebi,158,‰„« ”«œÂ,"NA-SA,",1,VARL,2640,VARW,716,VARX,,VARY,,VAR1,0,VAR2,0,VAR3,0,VAR4,0
talebi,159,16„Ì· Å‘  ÂÊ«ÌÌ,"16mmW,",1,VARL,1068,VARW,808,VARX,,VARY,,VAR1,0,VAR2,0,VAR3,0,VAR4,0
talebi,159,»œ‰Â çÅ ÂÊ«ÌÌ-H,"BWL-H,E2M",1,VARL,1096,VARW,348,VARX,,VARY,,VAR1,0,VAR2,0,VAR3,0,VAR4,0
talebi,159,»œ‰Â —«”  ÂÊ«ÌÌ-H,"BWR-H,E2M",1,VARL,1096,VARW,348,VARX,,VARY,,VAR1,0,VAR2,0,VAR3,0,VAR4,0
talebi,159, «ﬁ ÂÊ«ÌÌ,"TW,",1,VARL,808,VARW,348,VARX,,VARY,,VAR1,0,VAR2,0,VAR3,0,VAR4,0
talebi,159,œ— ÂÊ«ÌÌ œÊ œ—,"DAR-W2,Q3H",2,VARL,1126,VARW,414,VARX,,VARY,,VAR1,0,VAR2,0,VAR3,0,VAR4,0
talebi,159,ÿ»ﬁÂ,"T,M",2,VARL,804,VARW,296,VARX,,VARY,,VAR1,0,VAR2,0,VAR3,0,VAR4,0
talebi,159,ò› ÂÊ«ÌÌ,"KW,",1,VARL,808,VARW,348,VARX,,VARY,,VAR1,0,VAR2,0,VAR3,0,VAR4,0
talebi,160,16„Ì· Å‘  ÂÊ«ÌÌ,"16mmW,",1,VARL,1068,VARW,808,VARX,,VARY,,VAR1,0,VAR2,0,VAR3,0,VAR4,0
talebi,160,»œ‰Â çÅ ÂÊ«ÌÌ-H,"BWL-H,E2M",1,VARL,1096,VARW,348,VARX,,VARY,,VAR1,0,VAR2,0,VAR3,0,VAR4,0
talebi,160,»œ‰Â —«”  ÂÊ«ÌÌ-H,"BWR-H,E2M",1,VARL,1096,VARW,348,VARX,,VARY,,VAR1,0,VAR2,0,VAR3,0,VAR4,0
talebi,160, «ﬁ ÂÊ«ÌÌ,"TW,",1,VARL,808,VARW,348,VARX,,VARY,,VAR1,0,VAR2,0,VAR3,0,VAR4,0
talebi,160,œ— ÂÊ«ÌÌ œÊ œ—,"DAR-W2,Q3H",2,VARL,1126,VARW,414,VARX,,VARY,,VAR1,0,VAR2,0,VAR3,0,VAR4,0
talebi,160,ÿ»ﬁÂ,"T,M",2,VARL,804,VARW,296,VARX,,VARY,,VAR1,0,VAR2,0,VAR3,0,VAR4,0
talebi,160,ò› ÂÊ«ÌÌ,"KW,",1,VARL,808,VARW,348,VARX,,VARY,,VAR1,0,VAR2,0,VAR3,0,VAR4,0
talebi,161,16„Ì· Å‘  ÂÊ«ÌÌ,"16mmW,",1,VARL,968,VARW,368,VARX,,VARY,,VAR1,0,VAR2,0,VAR3,0,VAR4,0
talebi,161,»œ‰Â çÅ ÂÊ«ÌÌ-H,"BWL-H,E2M",1,VARL,996,VARW,348,VARX,,VARY,,VAR1,0,VAR2,0,VAR3,0,VAR4,0
talebi,161,»œ‰Â —«”  ÂÊ«ÌÌ,"BWR,E2M",1,VARL,996,VARW,348,VARX,,VARY,,VAR1,0,VAR2,0,VAR3,0,VAR4,0
talebi,161, «ﬁ ÂÊ«ÌÌ,"TW,",1,VARL,368,VARW,348,VARX,,VARY,,VAR1,0,VAR2,0,VAR3,0,VAR4,0
talebi,161,œ— ÂÊ«ÌÌ,"DAR-W,Q3H",1,VARL,1026,VARW,394,VARX,,VARY,,VAR1,0,VAR2,0,VAR3,0,VAR4,0
talebi,161,ÿ»ﬁÂ,"T,M",2,VARL,364,VARW,296,VARX,,VARY,,VAR1,0,VAR2,0,VAR3,0,VAR4,0
talebi,161,ò› ÂÊ«ÌÌ,"KW,",1,VARL,368,VARW,348,VARX,,VARY,,VAR1,0,VAR2,0,VAR3,0,VAR4,0
talebi,162,16„Ì· Å‘  ÂÊ«ÌÌ,"16mmW,",1,VARL,968,VARW,768,VARX,,VARY,,VAR1,0,VAR2,0,VAR3,0,VAR4,0
talebi,162,»œ‰Â çÅ ÂÊ«ÌÌ-H,"BWL-H,E2M",1,VARL,996,VARW,348,VARX,,VARY,,VAR1,0,VAR2,0,VAR3,0,VAR4,0
talebi,162,»œ‰Â —«”  ÂÊ«ÌÌ-H,"BWR-H,E2M",1,VARL,996,VARW,348,VARX,,VARY,,VAR1,0,VAR2,0,VAR3,0,VAR4,0
talebi,162, «ﬁ ÂÊ«ÌÌ,"TW,",1,VARL,768,VARW,348,VARX,,VARY,,VAR1,0,VAR2,0,VAR3,0,VAR4,0
talebi,162,œ— ÂÊ«ÌÌ œÊ œ—,"DAR-W2,Q3H",2,VARL,1026,VARW,394,VARX,,VARY,,VAR1,0,VAR2,0,VAR3,0,VAR4,0
talebi,162,ÿ»ﬁÂ,"T,M",2,VARL,764,VARW,296,VARX,,VARY,,VAR1,0,VAR2,0,VAR3,0,VAR4,0
talebi,162,ò› ÂÊ«ÌÌ,"KW,",1,VARL,768,VARW,348,VARX,,VARY,,VAR1,0,VAR2,0,VAR3,0,VAR4,0
talebi,163,16„Ì· Å‘  ÂÊ«ÌÌ,"16mmW,",1,VARL,968,VARW,368,VARX,,VARY,,VAR1,0,VAR2,0,VAR3,0,VAR4,0
talebi,163,»œ‰Â çÅ ÂÊ«ÌÌ,"BWL,E2M",1,VARL,996,VARW,348,VARX,,VARY,,VAR1,0,VAR2,0,VAR3,0,VAR4,0
talebi,163,»œ‰Â —«”  ÂÊ«ÌÌ-H,"BWR-H,E2M",1,VARL,996,VARW,348,VARX,,VARY,,VAR1,0,VAR2,0,VAR3,0,VAR4,0
talebi,163, «ﬁ ÂÊ«ÌÌ,"TW,",1,VARL,368,VARW,348,VARX,,VARY,,VAR1,0,VAR2,0,VAR3,0,VAR4,0
talebi,163,œ— ÂÊ«ÌÌ,"DAR-W,Q3H",1,VARL,1026,VARW,394,VARX,,VARY,,VAR1,0,VAR2,0,VAR3,0,VAR4,0
talebi,163,ÿ»ﬁÂ,"T,M",2,VARL,364,VARW,296,VARX,,VARY,,VAR1,0,VAR2,0,VAR3,0,VAR4,0
talebi,163,ò› ÂÊ«ÌÌ,"KW,",1,VARL,368,VARW,348,VARX,,VARY,,VAR1,0,VAR2,0,VAR3,0,VAR4,0
talebi,164,16„Ì· ò„œ,"16mmK,",1,VARL,2478,VARW,268,VARX,,VARY,,VAR1,0,VAR2,0,VAR3,0,VAR4,0
talebi,164,»œ‰Â ò„œ çÅ-HL,"BKL-HL,E5M",1,VARL,2510,VARW,686,VARX,,VARY,,VAR1,0,VAR2,0,VAR3,0,VAR4,0
talebi,164,»œ‰Â ò„œ —«” -H,"BKR-H,E5M",1,VARL,2494,VARW,698,VARX,,VARY,,VAR1,0,VAR2,0,VAR3,0,VAR4,0
talebi,164, «ﬁ ò„œÌ-HL,"TAGHK-HL,",1,VARL,268,VARW,698,VARX,,VARY,,VAR1,0,VAR2,0,VAR3,0,VAR4,0
talebi,164,œ— ò„œ,"DAR-K,Q6H",1,VARL,2504,VARW,294,VARX,,VARY,,VAR1,0,VAR2,0,VAR3,0,VAR4,0
talebi,164,ÿ»ﬁÂ,"T,M",5,VARL,264,VARW,646,VARX,,VARY,,VAR1,0,VAR2,0,VAR3,0,VAR4,0
talebi,164,ò› —«”  ò„œÌ-HL-P,"KAFRZ-HL,P4",1,VARL,284,VARW,698,VARX,,VARY,,VAR1,0,VAR2,0,VAR3,0,VAR4,0
talebi,165,16„Ì· Å‘  “„Ì‰Ì,"16mmZ,",1,VARL,702,VARW,268,VARX,,VARY,,VAR1,0,VAR2,0,VAR3,0,VAR4,0
talebi,165,»œ‰Â çÅ “„Ì‰Ì-L,"BZL-LF,E1M",1,VARL,702,VARW,578,VARX,,VARY,,VAR1,0,VAR2,0,VAR3,0,VAR4,0
talebi,165,»œ‰Â —«” -L-H,"BZR-LF,E1M",1,VARL,702,VARW,578,VARX,,VARY,,VAR1,0,VAR2,0,VAR3,0,VAR4,0
talebi,165,œ— “„Ì‰Ì,"DAR-Z,Q2H",1,VARL,676,VARW,294,VARX,,VARY,,VAR1,0,VAR2,0,VAR3,0,VAR4,0
talebi,165,œ” êÌ—Â L,"0,",1,VARL,300,VARW,85,VARX,,VARY,,VAR1,0,VAR2,0,VAR3,0,VAR4,0
talebi,165,ÿ»ﬁÂ,"T,M",1,VARL,264,VARW,526,VARX,,VARY,,VAR1,0,VAR2,0,VAR3,0,VAR4,0
talebi,165,ﬁÌœ “„Ì‰Ì,"QZ,",2,VARL,268,VARW,68,VARX,,VARY,,VAR1,0,VAR2,0,VAR3,0,VAR4,0
talebi,165,ò› “„Ì‰Ì,"KZ,P4",1,VARL,300,VARW,578,VARX,,VARY,,VAR1,0,VAR2,0,VAR3,0,VAR4,0
talebi,166,16„Ì· Å‘  “„Ì‰Ì,"16mmZ,",1,VARL,702,VARW,868,VARX,,VARY,,VAR1,0,VAR2,0,VAR3,0,VAR4,0
talebi,166,»œ‰Â çÅ ò‘Ê-LU,"BZKL-LUF,",1,VARL,702,VARW,578,VARX,,VARY,,VAR1,0,VAR2,0,VAR3,0,VAR4,0
talebi,166,»œ‰Â —«”  ò‘Ê-LU,"BZKR-LUF,",1,VARL,702,VARW,578,VARX,,VARY,,VAR1,0,VAR2,0,VAR3,0,VAR4,0
talebi,166,»€· ò‘Ê,"BAQKESHO,",2,VARL,500,VARW,83,VARX,,VARY,,VAR1,0,VAR2,0,VAR3,0,VAR4,0
talebi,166,»€· ò‘Ê,"BAQKESHO,",2,VARL,500,VARW,118,VARX,,VARY,,VAR1,0,VAR2,0,VAR3,0,VAR4,0
talebi,166,»€· ò‘Ê,"BAQKESHO,",2,VARL,500,VARW,198,VARX,,VARY,,VAR1,0,VAR2,0,VAR3,0,VAR4,0
talebi,166,Å‘  ò‘Ê,"PK,",2,VARL,828,VARW,70,VARX,,VARY,,VAR1,0,VAR2,0,VAR3,0,VAR4,0
talebi,166,Å‘  ò‘Ê,"PK,",2,VARL,828,VARW,105,VARX,,VARY,,VAR1,0,VAR2,0,VAR3,0,VAR4,0
talebi,166,Å‘  ò‘Ê,"PK,",2,VARL,828,VARW,185,VARX,,VARY,,VAR1,0,VAR2,0,VAR3,0,VAR4,0
talebi,166,œ— ò‘Ê,"DAR-KE,",1,VARL,155,VARW,894,VARX,,VARY,,VAR1,0,VAR2,0,VAR3,0,VAR4,0
talebi,166,œ— ò‘Ê,"DAR-KE,",1,VARL,155,VARW,894,VARX,,VARY,,VAR1,0,VAR2,0,VAR3,0,VAR4,0
talebi,166,œ— ò‘Ê »·Ê„,"DAR-KB,",1,VARL,316,VARW,894,VARX,,VARY,,VAR1,0,VAR2,0,VAR3,0,VAR4,0
talebi,166,œ” êÌ—Â L,"0,",1,VARL,900,VARW,85,VARX,,VARY,,VAR1,0,VAR2,0,VAR3,0,VAR4,0
talebi,166,œ” êÌ—Â U,"0,",1,VARL,900,VARW,85,VARX,,VARY,,VAR1,0,VAR2,0,VAR3,0,VAR4,0
talebi,166,ﬁÌœ “„Ì‰Ì,"QZ,",2,VARL,868,VARW,68,VARX,,VARY,,VAR1,0,VAR2,0,VAR3,0,VAR4,0
talebi,166,ò› “„Ì‰Ì,"KZ,P6",1,VARL,900,VARW,578,VARX,,VARY,,VAR1,0,VAR2,0,VAR3,0,VAR4,0
talebi,166,ò› ò‘Ê,"KAF-K,",1,VARL,828,VARW,466,VARX,,VARY,,VAR1,0,VAR2,0,VAR3,0,VAR4,0
talebi,166,ò› ò‘Ê,"KAF-K,",1,VARL,828,VARW,466,VARX,,VARY,,VAR1,0,VAR2,0,VAR3,0,VAR4,0
talebi,166,ò› ò‘Ê,"KAF-K,",1,VARL,828,VARW,466,VARX,,VARY,,VAR1,0,VAR2,0,VAR3,0,VAR4,0
talebi,167,16„Ì· Å‘  “„Ì‰Ì,"16mmZ,",1,VARL,702,VARW,268,VARX,,VARY,,VAR1,0,VAR2,0,VAR3,0,VAR4,0
talebi,167,»œ‰Â çÅ-L-H,"BZL-LF,E1M",1,VARL,702,VARW,578,VARX,,VARY,,VAR1,0,VAR2,0,VAR3,0,VAR4,0
talebi,167,»œ‰Â —«”  “„Ì‰Ì-L,"BZR-LF,E1M",1,VARL,702,VARW,578,VARX,,VARY,,VAR1,0,VAR2,0,VAR3,0,VAR4,0
talebi,167,œ— “„Ì‰Ì,"DAR-Z,Q2H",1,VARL,676,VARW,294,VARX,,VARY,,VAR1,0,VAR2,0,VAR3,0,VAR4,0
talebi,167,œ” êÌ—Â L,"0,",1,VARL,300,VARW,85,VARX,,VARY,,VAR1,0,VAR2,0,VAR3,0,VAR4,0
talebi,167,ÿ»ﬁÂ,"T,M",1,VARL,264,VARW,526,VARX,,VARY,,VAR1,0,VAR2,0,VAR3,0,VAR4,0
talebi,167,ﬁÌœ “„Ì‰Ì,"QZ,",2,VARL,268,VARW,68,VARX,,VARY,,VAR1,0,VAR2,0,VAR3,0,VAR4,0
talebi,167,ò› “„Ì‰Ì,"KZ,P4",1,VARL,300,VARW,578,VARX,,VARY,,VAR1,0,VAR2,0,VAR3,0,VAR4,0
talebi,168,»œ‰Â çÅ ”Ì‰ò-L,"BSL-LF,",1,VARL,702,VARW,578,VARX,,VARY,,VAR1,0,VAR2,0,VAR3,0,VAR4,0
talebi,168,»œ‰Â —«”  ”Ì‰ò-L,"BSR-LF,",1,VARL,702,VARW,578,VARX,,VARY,,VAR1,0,VAR2,0,VAR3,0,VAR4,0
talebi,168,Å‘  ”Ì‰ò,"P-SINK,",1,VARL,78,VARW,848,VARX,,VARY,,VAR1,0,VAR2,0,VAR3,0,VAR4,0
talebi,168,œ— “„Ì‰Ì œÊ œ—,"DZ2,Q2H",2,VARL,676,VARW,434,VARX,,VARY,,VAR1,0,VAR2,0,VAR3,0,VAR4,0
talebi,168,œ” êÌ—Â L,"0,",1,VARL,880,VARW,85,VARX,,VARY,,VAR1,0,VAR2,0,VAR3,0,VAR4,0
talebi,168,ﬁÌœ ”Ì‰ò,"Q-SINK,",2,VARL,848,VARW,68,VARX,,VARY,,VAR1,0,VAR2,0,VAR3,0,VAR4,0
talebi,168,ò› ”Ì‰ò,"K-SINK,P4",1,VARL,880,VARW,508,VARX,,VARY,,VAR1,0,VAR2,0,VAR3,0,VAR4,0
talebi,169,16„Ì· Å‘  “„Ì‰Ì,"16mmZ,",1,VARL,702,VARW,268,VARX,,VARY,,VAR1,0,VAR2,0,VAR3,0,VAR4,0
talebi,169,»œ‰Â çÅ-L-H,"BZL-LF,E1M",1,VARL,702,VARW,578,VARX,,VARY,,VAR1,0,VAR2,0,VAR3,0,VAR4,0
talebi,169,»œ‰Â —«”  “„Ì‰Ì-L,"BZR-LF,E1M",1,VARL,702,VARW,578,VARX,,VARY,,VAR1,0,VAR2,0,VAR3,0,VAR4,0
talebi,169,œ— “„Ì‰Ì,"DAR-Z,Q2H",1,VARL,676,VARW,294,VARX,,VARY,,VAR1,0,VAR2,0,VAR3,0,VAR4,0
talebi,169,œ” êÌ—Â L,"0,",1,VARL,300,VARW,85,VARX,,VARY,,VAR1,0,VAR2,0,VAR3,0,VAR4,0
talebi,169,ÿ»ﬁÂ,"T,M",1,VARL,264,VARW,526,VARX,,VARY,,VAR1,0,VAR2,0,VAR3,0,VAR4,0
talebi,169,ﬁÌœ “„Ì‰Ì,"QZ,",2,VARL,268,VARW,68,VARX,,VARY,,VAR1,0,VAR2,0,VAR3,0,VAR4,0
talebi,169,ò› “„Ì‰Ì,"KZ,P4",1,VARL,300,VARW,578,VARX,,VARY,,VAR1,0,VAR2,0,VAR3,0,VAR4,0
talebi,170,16„Ì· Å‘  “„Ì‰Ì,"16mmZ,",1,VARL,717,VARW,648,VARX,,VARY,,VAR1,0,VAR2,0,VAR3,0,VAR4,0
talebi,170,16„Ì· ò„œ,"16mmK,",1,VARL,1743,VARW,648,VARX,,VARY,,VAR1,0,VAR2,0,VAR3,0,VAR4,0
talebi,170,»œ‰Â çÅ “„Ì‰Ì-U,"BZL-U,E1M",1,VARL,717,VARW,378,VARX,,VARY,,VAR1,0,VAR2,0,VAR3,0,VAR4,0
talebi,170,»œ‰Â —«” -U-H,"BZR-U-H,E1M",1,VARL,717,VARW,378,VARX,,VARY,,VAR1,0,VAR2,0,VAR3,0,VAR4,0
talebi,170,»œ‰Â ò„œ çÅ,"BKL,E1M",1,VARL,1775,VARW,378,VARX,,VARY,,VAR1,0,VAR2,0,VAR3,0,VAR4,0
talebi,170,»œ‰Â ò„œ —«” -H,"BKR-H,E1M",1,VARL,1775,VARW,378,VARX,,VARY,,VAR1,0,VAR2,0,VAR3,0,VAR4,0
talebi,170, «ﬁ ò„œÌ,"TAQK,",1,VARL,648,VARW,378,VARX,,VARY,,VAR1,0,VAR2,0,VAR3,0,VAR4,0
talebi,170,œ— “„Ì‰Ì œÊ œ—,"DZ2,Q2H",2,VARL,676,VARW,334,VARX,,VARY,,VAR1,0,VAR2,0,VAR3,0,VAR4,0
talebi,170,œ— ò„œ œÊ œ—,"DAR-K,Q2H",2,VARL,1786,VARW,334,VARX,,VARY,,VAR1,0,VAR2,0,VAR3,0,VAR4,0
talebi,170,ÿ»ﬁÂ,"T,M",1,VARL,644,VARW,326,VARX,,VARY,,VAR1,0,VAR2,0,VAR3,0,VAR4,0
talebi,170,ÿ»ﬁÂ,"T,M",3,VARL,644,VARW,326,VARX,,VARY,,VAR1,0,VAR2,0,VAR3,0,VAR4,0
talebi,170,ﬁÌœ “„Ì‰Ì,"QZ,",2,VARL,648,VARW,68,VARX,,VARY,,VAR1,0,VAR2,0,VAR3,0,VAR4,0
talebi,170,ò› “„Ì‰Ì,"KZ,P4",1,VARL,680,VARW,378,VARX,,VARY,,VAR1,0,VAR2,0,VAR3,0,VAR4,0
talebi,170,ò› ò„œÌ,"KAFK,P4",1,VARL,648,VARW,378,VARX,,VARY,,VAR1,0,VAR2,0,VAR3,0,VAR4,0
talebi,171,16„Ì· Å‘  “„Ì‰Ì,"16mmZ,",1,VARL,717,VARW,668,VARX,,VARY,,VAR1,0,VAR2,0,VAR3,0,VAR4,0
talebi,171,16„Ì· ò„œ,"16mmK,",1,VARL,1743,VARW,668,VARX,,VARY,,VAR1,0,VAR2,0,VAR3,0,VAR4,0
talebi,171,»œ‰Â çÅ “„Ì‰Ì-U,"BZL-U,E1M",1,VARL,717,VARW,298,VARX,,VARY,,VAR1,0,VAR2,0,VAR3,0,VAR4,0
talebi,171,»œ‰Â —«” -U-H,"BZR-U-H,E1M",1,VARL,717,VARW,298,VARX,,VARY,,VAR1,0,VAR2,0,VAR3,0,VAR4,0
talebi,171,»œ‰Â ò„œ çÅ,"BKL,E1M",1,VARL,1775,VARW,298,VARX,,VARY,,VAR1,0,VAR2,0,VAR3,0,VAR4,0
talebi,171,»œ‰Â ò„œ —«” -H,"BKR-H,E1M",1,VARL,1775,VARW,298,VARX,,VARY,,VAR1,0,VAR2,0,VAR3,0,VAR4,0
talebi,171, «ﬁ ò„œÌ,"TAQK,",1,VARL,668,VARW,298,VARX,,VARY,,VAR1,0,VAR2,0,VAR3,0,VAR4,0
talebi,171,œ— “„Ì‰Ì œÊ œ—,"DZ2,Q2H",2,VARL,676,VARW,344,VARX,,VARY,,VAR1,0,VAR2,0,VAR3,0,VAR4,0
talebi,171,œ— ò„œ œÊ œ—,"DAR-K,Q2H",2,VARL,1786,VARW,344,VARX,,VARY,,VAR1,0,VAR2,0,VAR3,0,VAR4,0
talebi,171,ÿ»ﬁÂ,"T,M",1,VARL,664,VARW,246,VARX,,VARY,,VAR1,0,VAR2,0,VAR3,0,VAR4,0
talebi,171,ÿ»ﬁÂ,"T,M",3,VARL,664,VARW,246,VARX,,VARY,,VAR1,0,VAR2,0,VAR3,0,VAR4,0
talebi,171,ﬁÌœ “„Ì‰Ì,"QZ,",2,VARL,668,VARW,68,VARX,,VARY,,VAR1,0,VAR2,0,VAR3,0,VAR4,0
talebi,171,ò› “„Ì‰Ì,"KZ,P4",1,VARL,700,VARW,298,VARX,,VARY,,VAR1,0,VAR2,0,VAR3,0,VAR4,0
talebi,171,ò› ò„œÌ,"KAFK,P4",1,VARL,668,VARW,298,VARX,,VARY,,VAR1,0,VAR2,0,VAR3,0,VAR4,0
talebi,172,16„Ì· Å‘  ÂÊ«ÌÌ,"16mmW,",1,VARL,558,VARW,918,VARX,,VARY,,VAR1,0,VAR2,0,VAR3,0,VAR4,0
talebi,172,»œ‰Â  —«”  ÌŒç«·,"BYR,",1,VARL,586,VARW,698,VARX,,VARY,,VAR1,0,VAR2,0,VAR3,0,VAR4,0
talebi,172,»œ‰Â çÅ ÌŒç«·,"BYL,",1,VARL,586,VARW,698,VARX,,VARY,,VAR1,0,VAR2,0,VAR3,0,VAR4,0
talebi,172, «ﬁ »«·« ÌŒç«·-,"TY,0",1,VARL,918,VARW,498,VARX,,VARY,,VAR1,0,VAR2,0,VAR3,0,VAR4,0
talebi,172,œ— ÂÊ«ÌÌ œÊ œ—,"DAR-W2,Q2H",2,VARL,584,VARW,469,VARX,,VARY,,VAR1,0,VAR2,0,VAR3,0,VAR4,0
talebi,172,ò› »«·« ÌŒç«·-,"KY,0",1,VARL,918,VARW,498,VARX,,VARY,,VAR1,0,VAR2,0,VAR3,0,VAR4,0
talebi,173,16„Ì· Å‘  “„Ì‰Ì,"16mmZ,",1,VARL,717,VARW,168,VARX,,VARY,,VAR1,0,VAR2,0,VAR3,0,VAR4,0
talebi,173,16„Ì· ò„œ,"16mmK,",1,VARL,1533,VARW,168,VARX,,VARY,,VAR1,0,VAR2,0,VAR3,0,VAR4,0
talebi,173,»œ‰Â çÅ-U-H,"BZL-U,E1M",1,VARL,717,VARW,448,VARX,,VARY,,VAR1,0,VAR2,0,VAR3,0,VAR4,0
talebi,173,»œ‰Â —«”  “„Ì‰Ì-U,"BZR-U,E1M",1,VARL,717,VARW,448,VARX,,VARY,,VAR1,0,VAR2,0,VAR3,0,VAR4,0
talebi,173,»œ‰Â ò„œ çÅ-H,"BKL-H,E1M",1,VARL,1565,VARW,448,VARX,,VARY,,VAR1,0,VAR2,0,VAR3,0,VAR4,0
talebi,173,»œ‰Â ò„œ —«” ,"BKR,E1M",1,VARL,1565,VARW,448,VARX,,VARY,,VAR1,0,VAR2,0,VAR3,0,VAR4,0
talebi,173, «ﬁ ò„œÌ,"TAQK,",1,VARL,168,VARW,448,VARX,,VARY,,VAR1,0,VAR2,0,VAR3,0,VAR4,0
talebi,173,œ— “„Ì‰Ì,"DAR-Z,Q2H",1,VARL,676,VARW,194,VARX,,VARY,,VAR1,0,VAR2,0,VAR3,0,VAR4,0
talebi,173,œ— ò„œ,"DAR-K,Q2H",1,VARL,1576,VARW,194,VARX,,VARY,,VAR1,0,VAR2,0,VAR3,0,VAR4,0
talebi,173,ÿ»ﬁÂ,"T,M",1,VARL,164,VARW,396,VARX,,VARY,,VAR1,0,VAR2,0,VAR3,0,VAR4,0
talebi,173,ÿ»ﬁÂ »«·«,"T-UP,",3,VARL,164,VARW,396,VARX,,VARY,,VAR1,0,VAR2,0,VAR3,0,VAR4,0
talebi,173,ﬁÌœ “„Ì‰Ì,"QZ,",2,VARL,168,VARW,68,VARX,,VARY,,VAR1,0,VAR2,0,VAR3,0,VAR4,0
talebi,173,ò› “„Ì‰Ì,"KZ,P4",1,VARL,200,VARW,448,VARX,,VARY,,VAR1,0,VAR2,0,VAR3,0,VAR4,0
talebi,173,ò› ò„œÌ,"KAFK,P4",1,VARL,168,VARW,448,VARX,,VARY,,VAR1,0,VAR2,0,VAR3,0,VAR4,0
talebi,174,16„Ì· Å‘  “„Ì‰Ì,"16mmZ,",1,VARL,702,VARW,468,VARX,,VARY,,VAR1,0,VAR2,0,VAR3,0,VAR4,0
talebi,174,»œ‰Â çÅ “„Ì‰Ì-L,"BZL-LF,E1M",1,VARL,702,VARW,398,VARX,,VARY,,VAR1,0,VAR2,0,VAR3,0,VAR4,0
talebi,174,»œ‰Â —«” -L-H,"BZR-LF,E1M",1,VARL,702,VARW,398,VARX,,VARY,,VAR1,0,VAR2,0,VAR3,0,VAR4,0
talebi,174,œ— “„Ì‰Ì,"DAR-Z,Q2H",1,VARL,676,VARW,494,VARX,,VARY,,VAR1,0,VAR2,0,VAR3,0,VAR4,0
talebi,174,œ” êÌ—Â L,"0,",1,VARL,500,VARW,85,VARX,,VARY,,VAR1,0,VAR2,0,VAR3,0,VAR4,0
talebi,174,ÿ»ﬁÂ,"T,M",1,VARL,464,VARW,346,VARX,,VARY,,VAR1,0,VAR2,0,VAR3,0,VAR4,0
talebi,174,ﬁÌœ “„Ì‰Ì,"QZ,",2,VARL,468,VARW,68,VARX,,VARY,,VAR1,0,VAR2,0,VAR3,0,VAR4,0
talebi,174,ò› “„Ì‰Ì,"KZ,P4",1,VARL,500,VARW,398,VARX,,VARY,,VAR1,0,VAR2,0,VAR3,0,VAR4,0
talebi,175,16„Ì· Å‘  “„Ì‰Ì,"16mmZ,",1,VARL,702,VARW,968,VARX,,VARY,,VAR1,0,VAR2,0,VAR3,0,VAR4,0
talebi,175,»œ‰Â çÅ-L-H,"BZL-LF,E1S",1,VARL,702,VARW,398,VARX,,VARY,,VAR1,0,VAR2,0,VAR3,0,VAR4,0
talebi,175,»œ‰Â —«” -L-H,"BZR-LF,E1S",1,VARL,702,VARW,398,VARX,,VARY,,VAR1,0,VAR2,0,VAR3,0,VAR4,0
talebi,175,œ— “„Ì‰Ì œÊ œ—,"DZ2,Q2H",2,VARL,676,VARW,494,VARX,,VARY,,VAR1,0,VAR2,0,VAR3,0,VAR4,0
talebi,175,œ” êÌ—Â L,"0,",1,VARL,1000,VARW,85,VARX,,VARY,,VAR1,0,VAR2,0,VAR3,0,VAR4,0
talebi,175,ÿ»ﬁÂ,"T,S",1,VARL,964,VARW,346,VARX,,VARY,,VAR1,0,VAR2,0,VAR3,0,VAR4,0
talebi,175,ﬁÌœ “„Ì‰Ì,"QZ,",2,VARL,968,VARW,68,VARX,,VARY,,VAR1,0,VAR2,0,VAR3,0,VAR4,0
talebi,175,ò› “„Ì‰Ì,"KZ,P6",1,VARL,1000,VARW,398,VARX,,VARY,,VAR1,0,VAR2,0,VAR3,0,VAR4,0
talebi,176,16„Ì· Å‘  “„Ì‰Ì,"16mmZ,",1,VARL,288,VARW,568,VARX,,VARY,,VAR1,0,VAR2,0,VAR3,0,VAR4,0
talebi,176,16„Ì· Å‘  ÂÊ«ÌÌ,"16mmW,",1,VARL,1098,VARW,568,VARX,,VARY,,VAR1,0,VAR2,0,VAR3,0,VAR4,0
talebi,176,»œ‰Â çÅ »«·« ›—-H,"BFERL-UP-H,E3M",1,VARL,1130,VARW,698,VARX,,VARY,,VAR1,0,VAR2,0,VAR3,0,VAR4,0
talebi,176,»œ‰Â çÅ Å«ÌÌ‰ ›—,"BFERL-DW,E3M",1,VARL,1380,VARW,698,VARX,,VARY,,VAR1,0,VAR2,0,VAR3,0,VAR4,0
talebi,176,»œ‰Â —«”  »«·« ›—-HL,"BFERR-UP-HL,E3M",1,VARL,1130,VARW,686,VARX,,VARY,,VAR1,0,VAR2,0,VAR3,0,VAR4,0
talebi,176,»œ‰Â —«”  Å«ÌÌ‰ ›—-HL,"BFERL-DW-HL,E3M",1,VARL,1380,VARW,686,VARX,,VARY,,VAR1,0,VAR2,0,VAR3,0,VAR4,0
talebi,176,»€· ò‘Ê,"BAQKESHO,",2,VARL,500,VARW,158,VARX,,VARY,,VAR1,0,VAR2,0,VAR3,0,VAR4,0
talebi,176,Å‘  ò‘Ê,"PK,",2,VARL,528,VARW,145,VARX,,VARY,,VAR1,0,VAR2,0,VAR3,0,VAR4,0
talebi,176, «ﬁ —«”  ò„œÌ-HL,"TRK,",1,VARL,568,VARW,648,VARX,,VARY,,VAR1,0,VAR2,0,VAR3,0,VAR4,0
talebi,176,œ— ò‘Ê,"DAR-KE,",1,VARL,311,VARW,594,VARX,,VARY,,VAR1,0,VAR2,0,VAR3,0,VAR4,0
talebi,176,œ— ÂÊ«ÌÌ,"DAR-W,Q4H",1,VARL,1126,VARW,594,VARX,,VARY,,VAR1,0,VAR2,0,VAR3,0,VAR4,0
talebi,176,—Ì· ”«ç„Â «Ì,"0,",1,VARL,500,VARW,1,VARX,,VARY,,VAR1,0,VAR2,0,VAR3,0,VAR4,0
talebi,176,ÿ»ﬁÂ,"T,M",3,VARL,564,VARW,646,VARX,,VARY,,VAR1,0,VAR2,0,VAR3,0,VAR4,0
talebi,176,ﬁÌœ ÿ»ﬁÂ,"Q-T,",1,VARL,568,VARW,68,VARX,,VARY,,VAR1,0,VAR2,0,VAR3,0,VAR4,0
talebi,176,ò› çÅ ò„œÌ-HL,"KLK,",1,VARL,568,VARW,648,VARX,,VARY,,VAR1,0,VAR2,0,VAR3,0,VAR4,0
talebi,176,ò› —«”  ò„œÌ-HL-P,"KAFRZ-HL,P4",1,VARL,584,VARW,698,VARX,,VARY,,VAR1,0,VAR2,0,VAR3,0,VAR4,0
talebi,176,ò› ò‘Ê,"KAF-K,",1,VARL,528,VARW,466,VARX,,VARY,,VAR1,0,VAR2,0,VAR3,0,VAR4,0
talebi,88û,ÿ»ﬁÂ À«» ,"TS,",1,VARL,568,VARW,648,VARX,,VARY,,VAR1,0,VAR2,0,VAR3,0,VAR4,0
